                            titles,category
  시즌 리그 포지션별 평균 옵스와 기아포지션별 선수옵스,KIA
야구선수  연예인을 공인으로 보는 건 애매하긴 해요,KIA
     트레이드 이튿날 조상우     검진  특이소견 없다 ,KIA
타이거즈 역대 한국시리즈 승률  구장별 승률,KIA
엄준현 키워볼만 한가요 ,KIA
  시즌 박찬호에 대하여,KIA
개인적으로 은퇴할때 꽃다발 못준거 아쉬운선수  줬으면 하는선수,KIA
그나저나 도영이 유니폼,KIA
곽도규 보니 요즘 선수들 자기 관리 잘하는 듯요,KIA
유망주가 기회를 얻고 잡는 방법,KIA
근데 황대인은 방출  은퇴를 걱정할게 아니라,KIA
투수 유망주들 사설가는 거 유튜브에 많이 올라오던데,KIA
싼 값이라면  서건창 계약하면 좋겠습니다 ,KIA
현재 기아 상황에 대한 생각,KIA
인간은 참 입체적인 존재 같습니다,KIA
올스토브리그 기아 전력누수,KIA
조상우 드라이브라인 한달정도 훈련예정,KIA
내년시즌에도 기아의 좋은 성적이 기대되는게   ,KIA
내야 전포지션 수비  인게 얼마나 힘든건지 다들 잘 모르네요,KIA
개인적으로 김도영은  루 보느니 센터라고 봅니다,KIA
박찬호도  루 못봐서     유격수 간거아닌가요 ,KIA
조상우 인터뷰 잘하네,KIA
윤도현이 박찬호 제끼려면 얼마나 잘쳐야할까요 ,KIA
선동렬 일본커리어는 성공인거죠  ,KIA
꽉 끼는 좌완왕국 새 기대주의 심상치 않은 무브,KIA
무슨  루를 유격 하위호환으로 보는분 많으시네,KIA
이 분은 파란색인가  빨간색인가 ,KIA
임기영 작년에   였으면   억 가능했나요 ,KIA
서건창 에이전트는 진짜 열심히 일 하는 것 같음,KIA
조상우   쉬어갈 곳 없던 타선이 동료로        함께 ,KIA
기아    최초 투수영입은 안우진이다,KIA
지금은 임기영   신청이 이해가 가기도 하네요,KIA
남들 다    강이래는데 이악물고 아니라는 자팀팬은,KIA
강효종 충암고 시절 투구     ,KIA
내년 기아 전력의 긍정적인 부분과 우려되는 부분,KIA
최원준 박찬호 놓치면,KIA
김도영 더더욱 맘에드는건 이거죠,KIA
박찬호  최원준 다 놓쳤을 때     년 야수 라인업,KIA
김도영 감성 모르면 나가라,KIA
감독이 이범호라서 다행인점  ,KIA
다시 생각해도 코시에 네일 없었으면 업셋 당했을듯  ,KIA
김도영 연봉   억 돌파  심재학  적합하게 예우할 것 ,KIA
우승트로피에 이미  기  써둔 마당에 나락은 무슨,KIA
김도영 마킹 유니폼 매출만    억원,KIA
기아 타선 최근  년     ,KIA
소설 영화시나리오라도 욕먹을 시나리오,KIA
송성문은   로 사는게 아니라,KIA
김도영은   스타성 엄청 나네요,KIA
냉정하게 기아 내년에      처럼 꼬라박을수도 있음,KIA
내년 엔트리 생각하다가  ,KIA
송성문이 정말 탐나네요  ,KIA
근데 진짜 전력분석 파트는  년만에 강해진이유도 억제기때문인가요 ,KIA
이 경기 기억하세요  기아    삼성  이 경기후 전승,KIA
도영이 유니폼 약 대략 기준 총    만장 팔렸다네요,KIA
갸티비   임기영 계약 소감,KIA
기아 트레이드 안했으면  라 야수 픽 확률 높았네요,KIA
    년 이후 위험한 투수들,KIA
김석환도 점점 노망주가 되어가네요,KIA
기아상대로 돈 타먹을 생각하면 안댐  ,KIA
최원준 기아에 계속 남아야 합니다 ,KIA
내년 양최박조 중에 두명은 잡겠죠 ,KIA
기아는 주전 야수 타격 급아니면 안잡습니다,KIA
도영이 유니폼 수익 잠정   억이라네요    ,KIA
 아무리 김선빈이라도 올해는 어려울 것이라고   김도영 깜놀        세        저력     가 미쳤다 ,KIA
기아는 협상할때 수틀리면 테이블 바로 엎습니다,KIA
그냥 내년에 박찬호 최원준 둘다 무리해서 잡아야 한다고 하는 사람은 거르면 됨,KIA
사실 리빌딩이건 리툴링이건 윈나우건 상관없습니다,KIA
전 조상우는 전상현     정해영 군복무 타이밍과 겹쳐서 어지간하면 잡았으면 하네여,KIA
결국은 최원준 박찬호 둘 중 양보하는 사람이 남겠죠,KIA
이 초딩 두명이 좌담에,KIA
기아가  급이 아니면 오버페이 안하는 이유는 간단하죠,KIA
내년 우승시 셀캡 한해 터트리고   다잡았음 하네요,KIA
기아가 올해 우승한 이유 ,KIA
우승하면 조상우 떠나도 익스큐즈겠죠  ,KIA
윤석민은 재능 원툴이엇죠 솔직히,KIA
기아는 아이러니하게도 조상우가 적당히 잘하기를 원하겠네요 ,KIA
야알못 친구에게 보내는 사랑의 전광판 편지,KIA
내년 조금이라도 박찬호를 덜보고 싶은 분들께 전하는 팁,KIA
양현종     거취에 대해  팬분들은 걱정하지 마시길,KIA
문득 든 생각인데 김태형 말입니다,KIA
최원준 팔자고 했던 분이 이젠 김도영 이야기하시네,KIA
김성한 감독 젊은 시절,KIA
김도영 박진만같은 감독만나서 개굴리면 수비 나아지겠죠,KIA
양다리고 여미새고     사생활은 대중에 폭로할 사안이 아님    ,KIA
임기영 선수도 미국훈련 가네요,KIA
김도영 중견수 보내자는 사람은 왜 최원준 생각은 안하는지  ,KIA
아직도 최원준  번 이야기 하시는 분들 계시네,KIA
  는 포지션 상관없이 그냥 타격 좋은 선수 영입하는게 제일 좋은거 같아요,KIA
박찬호는 민심이 어쩌다 이렇게 됐나요  ,KIA
기아가 생각만큼 양현종이 절실하지 않을수도 있습니다,KIA
기아가 생각만큼 양현종이 절실하지 않을수도 있습니다,KIA
양현종이면 이런 상황에서 어떤 선택을 하려나요 ,KIA
    루키들중에 야수  명 투수  명 이렇게만 터져도 여한이 없을듯,KIA
요즘 폭 글 보면 공인 신분이라고 너무좀 하는거같음,KIA
원준이는 언제 대성할까요  ,KIA
윤도현 기대치가 홍종표때보다 더 높나요 ,KIA
김도영도 김혜성 사례 참고해야됨,KIA
내년 성적을 떠나 마음같아서는,KIA
건창이햄은 팀에 자리가 없을까요  ,KIA
박찬호 최원준 조상우는 내년 성적에 따라 어차피 결정됨,KIA
개인적인 도영이 타순 바람,KIA
광주 야구부 있는 초등학교 알려주세요,KIA
손민한이 본 윤석민  ,KIA
최형우 기아 성적이 삼성 시절 성적이랑 비비는게 말도 안되네요,KIA
리툴링 기조로 가면 제일 안잡을 선수가 박찬호 아닐까요,KIA
김혜성 컴백하나요 ,KIA
최대한 보수적인 내년 기아 라인업 기대치    ,KIA
슬슬 김선빈 다음도 생각해야할것 같은데  ,KIA
김유민이 음주운전한건 잘못한건 맞는데 왜 기아팬들이  ,KIA
사실    팬들 애써 골글에서 부정하려는것,KIA
올 시즌 기아 병살타가 많아보였던 이유,KIA
조상우 트레이드는 진짜 꿀이네요 드러눕지만 않는다면요,KIA
윤도현이 문현빈보다 초대형 유망주 인가유   ,KIA
생각해보니 키움이 여름에 요구한게 쎄긴 했네요,KIA
박찬호의 가치,KIA
근데 우리 수비 주전 교통정리가 어떻게 되나요 ,KIA
조상우 트레이드 댓가가 윤도현이였으면 ,KIA
  시즌 한 시즌 쉬고 송성문 잡는 시나리오도 좋아보이네요,KIA
임기영은  년뒤   인가요 ,KIA
내년 시즌 기아 타순 성적 예상,KIA
팬심 담아서 최형우 대체자는 석콴코인 밀어보는데 어림없는소리지만,KIA
 현재는    어렵다  조상우  높아진 국내 잔류 가능성       와 비   다년계약으로 이어지나,KIA
지금 논란 일으킨 사람들은 정작 중요한걸 모른다 ,KIA
 언젠가 터질 선수 기아 초대박 유망주 부상 악몽 이제 훌훌     시즌 자리잡나,KIA
 키움     는 윈 나우           키움은 셀 나우          ,KIA
키움 키스톤 둘 다 없는데 조상우 팔면서 레드종표 안불렀나,KIA
박병호가 미국안가고    했으면 최고액 가능했을까요 ,KIA
기아는     시즌 종료 후 송성문에 집중해야죠,KIA
다년은 원래 구자욱 박세웅 고영표급한테나 주는거임,KIA
내년에 기아가 박찬호에게 제시할 금액은   억 정도 아닐까 싶어요,KIA
루케테들은 선수 가치에 대해서 전혀 모르시는듯 하네요,KIA
박찬호는  번 가면 최상급이죠,KIA
김기태 기행중에 제일 충격이었던게,KIA
조상우는 기아에서  년만 쓰려고 데려온 거죠 ,KIA
최소   억 이상 준비  다년계약 선택기로               박찬호 최원준 조상우 중 누구 택할까,KIA
박찬호 몸값은 내년 시즌 끝나고 얘기하면 되죠 ,KIA
 오버페이 생각 없다  장현식 떠나고 임기영 남았다   신혼  서건창의 상황은     포커스 ,KIA
이종범 이범호 행보가 비교됨,KIA
이 선수는 누군가요       ,KIA
조상우 대려오면서  라준거 뭐야 했는데 냉정하게보면,KIA
이종범은 기아 감독할수 있는 기회를 두번이나 스스로 걷어찬거죠,KIA
내년 기아 홈런 예상,KIA
두산 한화 기아 불펜 순위가 어떻게 되나유    ,KIA
진짜 최원준은 우타를 했으면,KIA
엥 구단고위층에서 이종범     지도자 생활 막고 있나요 ,KIA
위즈덤 기대 성적,KIA
완전개인적 생각으로 라인업,KIA
내년 양현종   가 진짜 궁금하네요,KIA
전타갤같은 싸패커뮤 하는분들이 엠팍에도 많다구요    ,KIA
도영  찬호  전타 요렇게 차단하니까 그나마 깔끔하네요,KIA
최원준 너는 후딱 다른팀 알아봐라,KIA
와      우승하고 오랜만에 한게왔는데 아직도 싸우네요,KIA
전상일  기아는 합리적으로 돈을 쓰기로 유명한 구단이다,KIA
심우준 계약 없었다면 박찬호는  년에 얼마가 정배였나요 ,KIA
역사상 최악의 팬덤 전타갤,KIA
타팀팬이 보는 박찬호   몸값,KIA
찬호가   ,KIA
기아 마지막 음주운전 처벌 손영민인가요 ,KIA
진심 기아팬인데 박찬호   억 주자는거임 ,KIA
전타갤은 제발 망상에서 깨어나시길 ,KIA
김태균채널 김선빈 출연예정,KIA
내년 윤도현 성적 이정도면 만족 불만족,KIA
별 이상한 무쓸모 자료들이밀어서 언어도단 그만하세요,KIA
임기영의 고백     아예 안 봤다 그래도 꼭     남고 싶었다 ,KIA
구단팬 말고 도영맘 찬호맘들 오늘도 여전하네,KIA
다음 시즌 나성범   홈런    타점이상 깔듯,KIA
김도영이 코시 우승 기여도  등 아닌가요 ,KIA
박찬호 때문에 생긴 사이트  박찬호 때문에 망할 거 같다 ,KIA
김태형 종신기아 선언  ,KIA
  년도 기아엔트리 명단,KIA
이종범은 딱     년까지죠,KIA
나성범 역전 투런에 가려졌던 곽도규        전 호투,KIA
크보스탯 어플이랑 스탯티즈랑 기록이 다른데,KIA
김도영  코시에서  명 중 내가 제일 못한 것 같다 ,KIA
드디어 도착했네요,KIA
이종범이 역대 우타 우르크   위인거 아셨나요 ,KIA
김도영 논란이 특이한게 특정 포지션 안준다고 말많은건 첨보네요,KIA
박찬호가 주장이요   ,KIA
아무래도 구단이 서건창선수한테,KIA
우리나라는 용서를 모르는듯,KIA
이종범이 까이는건 태생 문제가 크죠,KIA
전에 질싸썰 뜬 신인 누구였죠 ,KIA
루케테를 제외한 모든 기아팬이 싫어하는데,KIA
최지민 임기영   년 필승조들 안식년 이유가 멀까요 ,KIA
류현진 유튜브 조횟수 치트키 네요,KIA
박찬호 라  라 어떤가요,KIA
 내가 다 부담      김선빈표 미니캠프  박찬호 박정우 한준수 오키나와행,KIA
임기영     신청 전 심재학 단장과 따로 이야기 나눴다,KIA
이게 제 자가보면 루케테보다 후자가 한심할걸요,KIA
짭찬 까는거 광기의 영역에 제말에 답변 제대로 하는분도 못봄,KIA
위즈덤 계약이 월요일  화요일 정도 나오려나요,KIA
엠팍에 지령이나 단톡 돌고 있는거 확신합니다,KIA
기아는 이제 외부   는 끝난거죠 ,KIA
이종범 장나라 데려산다는영상,KIA
아씨 해도해도 너무 하는거 아니에요  진짜 ,KIA
홍세완 결혼식 사진    ,KIA
양현종 김현수 선수,KIA
박찬호를  라  라 지명권 트레이드하면 찬성하나요 ,KIA
이종범의 가면이 탄로났습니다,KIA
박찬호는,KIA
장애인비하 지역비하 홍종표는 아깝다 버리지마라 하면서,KIA
아니 자꾸 왜 박찬호를 버리니 마니 하는거임,KIA
김도영 수비는 나중에 김선빈 뜬공 같은 얘기로 흘러갈겁니다,KIA
위스덤 외야에 박아두긴 힘들겠죠 ,KIA
김혜성 포스팅 안되고 잔류면 진짜 김선빈 대체자로 영입하면 딱인데,KIA
최원준 스텝업 한 번 더 할것같지않나요 ,KIA
기아 타선이 나쁘지 않은게,KIA
위즈덤 와서 우혁이한테 노하우 알려주면 밥값 어느정도 한거죠 ,KIA
내년 기아의 가장큰 변수는 이거 아닌가요,KIA
김도현 좌승현 황준서 순서가 어떻게 되나요    ,KIA
너무 어려진 기아 투수진,KIA
유도영 기회받기만 하면,KIA
퉁버지는 내년이 끝이라면 꽂동은퇴식 처럼 챙겨줄까요 ,KIA
아무리봐도 펨코 단톡방은 여론조작하는 방이 아닌거 같은데요,KIA
그냥 박찬호를 당장 틀드해버리는게 낫지않아요 ,KIA
김도현 꽤 비싸게 주고 데려왔었군요,KIA
위즈덤 한국오면 메이져에서처럼 붕붕거리진 않을거같아요,KIA
김도현 선수는 어떻게 기아로 오게 되었나요 ,KIA
박찬호는 기아 주장감이에요,KIA
위즈덤 내년 타순 어디가 제일 좋아보이시나요 ,KIA
김혜성이    나오면 포지션 고려 할 필요 없죠,KIA
개인적으로 박찬호 논쟁이나 말씀 하실분들은 제목에 박찬호 이름 박아주시면 안될까요,KIA
객관적인 골든글러브 박찬호의 스탯 위치   ,KIA
박찬호는 대체가능한 선수임,KIA
근데 기아는 김혜성 사오면 포지션이 완전 꼬이긴함,KIA
김도현은 선발 키워야죠 조상우까지 데려온 마당에,KIA
전타갤이 왜 욕먹는지 모르겠네,KIA
장현식보다 더 탐나는 불펜투수,KIA
최지민 부활기도회,KIA
프로야구 감독중 아름다운 이별한 감독이 있을까요 ,KIA
키움팬으로써 올해 조상우를 봣을때 부활가능성   퍼 이상으로 봅니다 ,KIA
근데 김선빈은 어느 포지션으로 가야할까요 ,KIA
조상우가 메이저 도전은 아직 마음에 있는 것 같네요,KIA
박찬호 김도영 문제는 선후관계이해가 필요합니다  장문주의 타팀분들 보시는거자유 ,KIA
전타갤 쉴더들 논리 신기하네요,KIA
김혜성 리턴하면 기아가 돈 풀듯,KIA
박찬호 적정가면 잡고 아니면 보내야된다는 분들의  적정가 는 얼마 정도인가요 ,KIA
저는 그래도 박찬호에게 고맙네요,KIA
김혜성 포스팅 못나가고   나오면 기아 쇼미더머니 해라,KIA
전타갤에서만 박찬호 여론이 안좋다 ,KIA
단독방 여론조작 그런 거 다 의미 없음,KIA
박찬호 때문에 팬들이 배가 불렀어요,KIA
기아 위즈덤 응원가  합성 ,KIA
샐캡도입으로 박찬호  계약논란은 당연하다고 생각합니다     선택강요 ,KIA
조상우 외  명 장기계약도 추진이라면,KIA
타팀 팬이라   잘 모르지만  박찬호,KIA
박찬호 생각하는건 팬들이 배가 불렀음,KIA
팀팬이 팀 선수 연봉 많이 주는건 안좋아할 상황 아닌가요,KIA
단톡방 전타갤 둘다 박찬호가 뭐라고 그렇게까지 하는지,KIA
찬호야 기냥   정도 받고 기아떠나라,KIA
지가 전싸갤에 박제당한게 아니꼬우면 거기 가서 얘기하지,KIA
엠팍 초대갤주와  대갤주,KIA
지금 찬호까들이랑 가장 비슷한 애들이 롤에도 있었음,KIA
이번 단톡방 일로 인해 느낀 건,KIA
변우혁,KIA
이 정도면 찬호 애잔해서라도 타팀 가야겠다   ,KIA
타팀팬이 보면 양쪽다 이상한 이유,KIA
조상우는 셋업쓰는게 더 낫죠 ,KIA
전타갤에 바로 언급되네    ,KIA
저는 유격수 수비기회 주라 이것도 웃긴주장이라봄,KIA
기아 해태부터 굘슈팬이지만,KIA
조상우,KIA
  시즌에 선수 흔들면 팀한테 이득이 있나요 ,KIA
야구에 야자도 모르는 애들 박찬호 놓쳐서 김도영이 유격수가,KIA
올해의 한게 요약,KIA
주처 결혼       ,KIA
박찬호  년  억 난 동의,KIA
솔직히 루케테 찬호맘들도 이해가 안되는 게,KIA
몇명정도만 차단하면 깨끗해집니다,KIA
조상우는 잘 잡은거 맞죠 ,KIA
조상우는 잘 잡은거 맞죠 ,KIA
전타갤 루케테,KIA
근데 루테케  뜻이 뭐에요 ,KIA
제가 박찬호 개인팬들에게 궁금한 건 딱 하나입니다,KIA
박찬호 내년   되면,KIA
걍 제발 타팀 가줬으면 좋겠음,KIA
그냥 양쪽 다 아픈사람들 같음,KIA
빨리 서건창 계약이 마무리 되야 엠팍도 덜 들어올듯    ,KIA
기아팬  부류,KIA
좌담 전타갤글보고 갑자기 생각난건데,KIA
오픈채팅방을 파든 갤러리를 파든,KIA
지들이 변우혁 내려치기로 선빵 처놓고 이제 그만하자노   ,KIA
김도영 소속사,KIA
왜 팀내     안에 못드는 박찬호 글이 이렇게 많나 ,KIA
제가 생각하는 내년 기아    기조,KIA
박찬호 박찬호 박찬호 박찬호,KIA
야구나 빨리 보고싶네요,KIA
본인들이 톡방 돌려가며 자팀 내야망주들 묻으려고 했던건 기억에서 싹 지우고,KIA
올시즌 변우혁 문현빈 김영웅  루수출장 타격기록,KIA
하      박찬호갤러리 또 됐네,KIA
    자팀 골글 유격수를 묻어버릴라 하네,KIA
장나라 대상기념 이종범 장나라 영상 및 사진,KIA
기아팬이지만 기아팬 차단을 제일 많이함,KIA
찬호 얘기하는데 김도영 머리채 잡는거부터 코메디,KIA
기아글이 많네요,KIA
지령 오긴 왔나보네요   ,KIA
올시즌 박찬호의 타격 실력이 떨어진건아님,KIA
단장의 행보를 보니,KIA
한게 타 팀팬들 김도영 유도영 단어 차단하세요,KIA
서건창,KIA
은퇴투어는 각팀 레전드 선수들은 해줘도 될거같아요 ,SAMSUNG
우리팬분들 크리스마스 잘보내세요  타팀분들도   ,SAMSUNG
심튜브에 올라온 강식당  이제 봤는데 최충연        ,SAMSUNG
김지찬 근황,SAMSUNG
강백호 주포가 포수가 된다면   로 강민호 후계자로   ,SAMSUNG
역대 삼성 보상선수 리스트중에 궁금한게,SAMSUNG
원태인 나이가 깡패긴 하네요,SAMSUNG
이승엽 장학재단 기부,SAMSUNG
오승환 영결은 최원태   인때 확인사살이였네요,SAMSUNG
오승환이면 영구 결번에 은퇴투어 자격 있지 않나요  ,SAMSUNG
고깃집 사장님    ,SAMSUNG
   스카우트 팀장은 이중협 기존 스카우트팀 프로가 맡고 있다  윤슬기 팀장은 육성팀 소속이며 현재 보직 이동 계획은 없다,SAMSUNG
윤슬기 스카웃팀장 이력,SAMSUNG
스카웃 팀장으로 오는 윤슬기 운영팀 프로는,SAMSUNG
올해 김민수 팀장님이 발표 안 하더니만,SAMSUNG
  월   일에 열린 강식당       해피치즈스마일 영상,SAMSUNG
어떻게 보면 이학주가 참 많이 아쉽네요 ,SAMSUNG
한국 야구 미래가 암울하군요,SAMSUNG
윤정빈 좌상바 수비불안 직접 해명 인터뷰    ,SAMSUNG
역시 양신은 꾸준함,SAMSUNG
크리스마스 이브네요  ,SAMSUNG
까까머리 김지찬의 정장샷    ,SAMSUNG
내년  위 예상 팀이 어디인가요 ,SAMSUNG
만약에 김혜성 트레이드로 영입했는데,SAMSUNG
제 사견이지만 원태인이 국내잔류한다면   계약,SAMSUNG
내년에도 삼성같은 팀이 나올 수 있겠죠 ,SAMSUNG
문득 스친 생각,SAMSUNG
원태인은       억 시작이겠죠 ,SAMSUNG
암만봐도 미친픽       ,SAMSUNG
 혐 주의 에스마일린 카리대의 일본 프로야구 선수 시절,SAMSUNG
김혜성  년 렌탈이 안 아까운 이유 ,SAMSUNG
윈나우는 해야하는데,SAMSUNG
근데 삼성은 진지하게 김혜성 질러볼만 하지않나요 ,SAMSUNG
김혜성 국대 유니폼,SAMSUNG
한해정도 상위픽 다 팔더라도 달릴만해보이네요,SAMSUNG
선수뎁스도 바뀌는건 한순간인거같음 ,SAMSUNG
우리팀  루 꼬라지가 이 정도인데 만약에 가능하면,SAMSUNG
삼성에 김혜성을 넣어보면 이정도 차이입니다,SAMSUNG
지금 삼성에 김혜성이 낫나요 강백호가 낫나요,SAMSUNG
윤석민 금쪽상담소 나온거 웃기네요  ,SAMSUNG
내년  강   기    엘    삼    두     봅니다  ,SAMSUNG
김혜성 어떻게든 미국 가긴 갈거같음,SAMSUNG
      삼형우    갸형우,SAMSUNG
블레오 큰그림      김혜성,SAMSUNG
만약 김혜성 트레이드시 내년 라인업,SAMSUNG
삼팬들이 데리고싶은 선수는 누군가요 ,SAMSUNG
김혜성은 트레이드하면  라  라   억 뭐 이러지 않을까요 ,SAMSUNG
언제 튈지도 모르는데 삼혜성타령 어질어질,SAMSUNG
우린 김혜성 트레이드 못하지않을까요,SAMSUNG
디아즈보다 소크라가 낫지 않나요 ,SAMSUNG
 일본 호주  바쁜 겨울 보낸 아기사자  육선엽  외국 선수 코치들 만나 많이 배웠어요      인터뷰 ,SAMSUNG
최원태는 참,SAMSUNG
    순위맞히기 로또햇으면 잼나겟네요,SAMSUNG
스토브리그 마무리가 아쉽네요,SAMSUNG
한화에 후라도가 갓으면  강에서    까지 써 놓은거엿을까요 ,SAMSUNG
올시즌 삼성이 진짜 엄청났던 점,SAMSUNG
오승환 메이저에서,SAMSUNG
정치 음모론도 꼴보기 싫은데,SAMSUNG
조상우 트레이드 삼팬들 의견 어떤가요,SAMSUNG
하수 미쳤다고 류지혁한테   억이나 퍼주냐,SAMSUNG
삼혜성은 어렵겠죠  ,SAMSUNG
김혜성이 구자욱 김태균보다 잘쳤던  급인가요 ,SAMSUNG
삼성도 우승 슬슬 급하지 않나요 ,SAMSUNG
배찬승 이성규가 키플레이어봅니다,SAMSUNG
갑자기 생각난건데 김혜성을 노리면 대가가 얼마나 필요할까요 ,SAMSUNG
최원태가  의지 를 내비쳤다  미국서  하나라도 더  ,SAMSUNG
객관적으로 보면 삼성이  위 할 전력은 충분히 되죠 ,SAMSUNG
좌완불펜에서 고졸신인에게 기대할수 밖에 없는 현실,SAMSUNG
  시즌   ,SAMSUNG
이재현 새로운 스윙폼 간결하고 좋네요,SAMSUNG
  삼성 왕조 의 재건을 위해서는 남은 스토브리그 기간에 불펜진을 보강해야 하는 과제가 남았다 ,SAMSUNG
최근  년간 세이브 수  위,SAMSUNG
계투진 보강 필요한 삼성에 신인왕 후보 출신    투수 돌아온다,SAMSUNG
 오승환 은퇴와 관련해선 어떤 얘기도 나눈 게 없다 ,SAMSUNG
근데 양준혁 일본 갔으면 얼마나 했을까요,SAMSUNG
올해보다 내년이 더 좋을수 있을까 ,SAMSUNG
올해 스토브리그 점수매기면 그래도     정도는 된다 봅니다 ,SAMSUNG
 대폭발  김영웅의 시즌   이진영 타코가 강조한  기본 은 무엇인가,SAMSUNG
새구장 의자색은 어떤거 선호하세요,SAMSUNG
근데 김지찬 왜 어깨아쉽다고하는건가요 ,SAMSUNG
님들은 야구선수들 티비에 나오는거 어캐 생각하세요 ,SAMSUNG
삼성팬 이찬원 대상 축하,SAMSUNG
오랜만 글씁니다  류지혁   억원 맞나요,SAMSUNG
삼성왕조시절,SAMSUNG
내년  월말부터 다들 스캠 들어가는거죠 ,SAMSUNG
 개구단팬분들 윤도현 문현빈 누가 더 급이 높나요,SAMSUNG
삼성 불펜 내년시즌 이중에 두명만 필승조로 터지면 대권도전 가능합니다,SAMSUNG
강식당,SAMSUNG
결국 올해 큰손은 한화 삼성이었네요,SAMSUNG
오승환 근데 영구결번 가능한가요   ,SAMSUNG
이종열 패닉바이로 이용찬 살듯   ,SAMSUNG
맥키넌의,SAMSUNG
    와 정반대  삼성     억 썼지만 불펜 보강은  제로    스토브리그 첫 번째 목적 잊었나,SAMSUNG
오재일 데려올 수 밖에 없었던 이유,SAMSUNG
혹 이만수이사장님 일정아시는 회원님 있으신지요 ,SAMSUNG
     다 아는 사람들이구먼 ,SAMSUNG
임기영은 잡았어지 하,SAMSUNG
     만원 기부  삼성 선수단  사회공헌활동 수익금 전달  좋은 에너지 많이 받아 ,SAMSUNG
박병호 삼성락커룸 입성첫날,SAMSUNG
이재현도 차곡차곡 서비스타임 채웠네요,SAMSUNG
오늘 삼성 선수들 단체로 동성로 삼겹살집 갔네요,SAMSUNG
이재현 수정 타격폼 영상,SAMSUNG
삼성이 강백호 노릴거면,SAMSUNG
공민규도 킹캉스쿨 간다고본거같은데 어떨거같으세요 내년에 ,SAMSUNG
내년 선발로테이션,SAMSUNG
이재현 타격 근황,SAMSUNG
아무리봐도 류지혁 보내고,SAMSUNG
   형 안경 벗은 사진,SAMSUNG
후라도보다 레예스가 더 기대되는건 나뿐인가,SAMSUNG
티빙 퍼펙트리그 다음화가 삼성 특집이네요,SAMSUNG
이승엽 은퇴시즌 마지막 두산 전 당시의 모습           ,SAMSUNG
       삼성 구독자   만 말이 안된다  팬들이 그렇게 많아요 ,SAMSUNG
키움이팀은 해체가답,SAMSUNG
최좌의 활약 지켜보는것도 재미죠,SAMSUNG
내년 삼성키플레이어,SAMSUNG
삼팬들 최원태 기대치 솔직히 어느 정돈가요 ,SAMSUNG
만약에 개막전 카데나스 결승 홈런 치면,SAMSUNG
최원태 성격 너무 마음에 드네,SAMSUNG
최원태 계약직후 강민호 썰,SAMSUNG
개막전  키움 원투가 로젠버그  하영민인가요 ,SAMSUNG
        리그 삼성 라이온즈 홈 경기 일정    ,SAMSUNG
이병헌의 성장세는 공격보다 수비임,SAMSUNG
키움 포수인 김동헌 김건희는 비싸죠 ,SAMSUNG
        리그 삼성 라이온즈 정규시즌 일정    ,SAMSUNG
후레최원좌  후레원최좌 ,SAMSUNG
삼성의 진정한 홍대픽은 이병헌인데요,SAMSUNG
내년 개막전은 안가고 다음날가야겟어요 전   ,SAMSUNG
개막  연전 후라도 최원태 가나요    ,SAMSUNG
오승환 영구결번 된다    안된다,SAMSUNG
삼성 초반 일정이 안좋네요,SAMSUNG
기아가 조상우 한박자 빨리 데려간건 실패를 해도 우리가 하겠다인듯,SAMSUNG
조상우 영입 미적했던 것은 아무래도 트레이닝 코치 파동이 큰 이유겠네요 ,SAMSUNG
신구장 개막전 기아한화 선발 로테 누가 우위죠 ,SAMSUNG
트레이너 팀장 직무배제,SAMSUNG
개막전을 키움이랑 한다면   ,SAMSUNG
 비활동기간 훈련 임금체불 논란  삼성  트레이닝 팀장 직무배제,SAMSUNG
삼성에게 고추가루를   ,SAMSUNG
시즌 끝나자마자 외야 증축 공사한다면,SAMSUNG
기아 경기,SAMSUNG
홍준학 근황    ,SAMSUNG
운명의 장난도 아니고    개막전부터,SAMSUNG
 키움  개막전 재밌겠네요      ,SAMSUNG
내년 개막전부터     ,SAMSUNG
이학주  김영웅이 나온 기사 제목에 깜놀,SAMSUNG
버스타고 라팍 지나가는데,SAMSUNG
최원태가 돈 값 하는 방법,SAMSUNG
삼성 히어로즈,SAMSUNG
강민호 구자욱   최원태가 먼저 전화했다,SAMSUNG
머리 자르는 자욱이 보러오세요    ,SAMSUNG
예전에도 삼성이 박병호 트레이드로 데려오려고 했나요 ,SAMSUNG
조상우가 그렇게 무섭지 않은 이유,SAMSUNG
삼성은 애매해졌죠 윈나우인지 아닌지,SAMSUNG
최채흥 부활할수도 있는데   년생 오승환 왜묶은걸까요  ,SAMSUNG
삼성이 조상우 놓친건 완전 패착 아닌가요 ,SAMSUNG
조상우 반대급부 저렇게 맞춰줄 팀은 기아뿐입니다 ,SAMSUNG
조상우 못데려와서 아쉽긴하지만,SAMSUNG
 홈런은 영웅이 치라고 하자  미국으로 떠난 삼성 이재현  홈런 욕심 버리고 타격폼 수정하는 이유,SAMSUNG
 홈런은 영웅이 치라고 하자  미국으로 떠난 삼성 이재현  홈런 욕심 버리고 타격폼 수정하는 이유,SAMSUNG
이만수  함수호의 스윙을 보면 이승엽이 생각난다,SAMSUNG
류지혁은 벌크업좀 했으면,SAMSUNG
 정말 잘하고 싶나 봐요    억 삼성맨 의욕 심상치 않다  직접 미국 유학 요청했다,SAMSUNG
기아투수뎁스부럽네요,SAMSUNG
미국 훈련 가는 다음 선수들은,SAMSUNG
대재학을 단장으로 둔 기아가 부럽읍니다  ,SAMSUNG
류지혁 안잡고,SAMSUNG
심정수 마이너스옵션 포함  년  억 혜자인가요  ,SAMSUNG
조상우 데려 왔을때 삼팬들의 부정반응 총집합,SAMSUNG
조상우 기아 가고 나서 타팀들 반응들이 웃겨요  ,SAMSUNG
불펜 보강 없는건 아쉽네요,SAMSUNG
 라  라  라 육선엽이면 송성문 받아올 수 있나요,SAMSUNG
근데 조상우선수 트레이드는 지명권 주전급 선수라길래 반대했었지,SAMSUNG
너무 부러워 하지 맙시다,SAMSUNG
같은 조건을 삼성에서 건의 했으면 삼성이랑 했을테데   왜 삼성이 제안안했을까  ,SAMSUNG
실질적으로  순위 선수 와   억 주는 셈인데 데려왔어야지   ,SAMSUNG
우리가 최원태 영입 안 하고 키움에 조상우 트레이드로  라운드   최채흥 제안했으면 수락했을까요 ,SAMSUNG
솔직히 조상우 건 끝났으니 그냥 스토브리그 끝냈으면 합니다 ,SAMSUNG
배찬승이 내년에 선발로 성공,SAMSUNG
기아가 아무리 보강해도 내년엔 삼성 우승입니다,SAMSUNG
살거면 로또 긁는 기분으로 이용찬을 샀으면,SAMSUNG
오늘 조상우 정도 조건이면 삼성도 할만하지 않았나요 ,SAMSUNG
트레이드 할거면 화끈하게 지르면 좋겠네요,SAMSUNG
문성현 사지 않을까요 ,SAMSUNG
이러다 덜컥 남은    사버리는거 아니겠죠 ,SAMSUNG
현재 놀벤 소속 김다연 치어리더 이야기    ,SAMSUNG
내년 선발야구   승 이상 가능할까요 ,SAMSUNG
 개구단팬분들 기아한화 투망주 어디가 탐나나요 ,SAMSUNG
이재현도 충분히   홈런 칠 깜냥은 되죠,SAMSUNG
솔직히 이종렬 하는짓거리보면,SAMSUNG
삼성팬중에 정신나간 몇명 있다니까요,SAMSUNG
헉 기아가 따라 오지 말라네요 ,SAMSUNG
    번 픽이 쉽게 버리냐 마냐가 아니라,SAMSUNG
이제 진짜 바보 같은 짓은  내년에,SAMSUNG
  시즌  강 예측,SAMSUNG
디아즈는 가을야구로 증명햇다고 보는데요,SAMSUNG
전면     순위가 그리 쉽게 날릴 픽은 아니던데  ,SAMSUNG
내년에 윤정빈 진득하게 기용해봄직하죠,SAMSUNG
의외로 이번시즌 키포인트는 디아즈라고 봅니다 ,SAMSUNG
조상우 오버페이로 안 잡아서 다행,SAMSUNG
내년엔 이렇게 라인업을 냈으면 하네요 ,SAMSUNG
디아즈 재계약 할때부터 이재현으로 싸울 줄 알았습니다,SAMSUNG
 개구단분들 한화 기아 어느 불펜이 탐나시나요  ,SAMSUNG
조상우 너무 아쉽습니다,SAMSUNG
김영웅은 사실 크게 걱정 안 됨 ,SAMSUNG
삼성 내년 샐캡 진짜 아슬아슬한데요  ,SAMSUNG
장기적으로 바라는 타순,SAMSUNG
김영웅은 철강왕일거같은데,SAMSUNG
이재현은 큰걱정은 안해도 되죠 김영웅이 좀 더 신경쓰이긴함,SAMSUNG
이재현 김영웅의 하이 로우 ,SAMSUNG
옆에 기사  삼성 김동진,SAMSUNG
고교시절 김도영이 남달랐던게,SAMSUNG
     시즌 김지찬  번타자 출루율은 어느정도 답나오는듯,SAMSUNG
전에 삼성 선수 몇명이 사회봉사 관련 된 썰 있었지 않나요,SAMSUNG
이재현 이미지가 타석에서 별로구나를 느낍니다,SAMSUNG
강한  번타자론 이 팀엔 큰 의미없어보여요,SAMSUNG
그냥  번 구자욱 가는게 베스트긴한데,SAMSUNG
이재현은 타격메카니즘 잘 고쳐서 와라,SAMSUNG
사실 이재현  번보다 구자욱  번으로 쓰는게 맞죠,SAMSUNG
이재현이 타석당 투구수 전체  위입니다,SAMSUNG
잠실 고척말고는 가본적이 없는데 다들 열정이   ,SAMSUNG
조상우 트레이드 핵심은 현금이었을까요 ,SAMSUNG
불펜이 대단한 문제인 것처럼 이야기하는 것도 사실 우습습니다 ,SAMSUNG
내년 불펜 올해보단 긍정적으로 봄,SAMSUNG
삼성은 내년에  선발로 시즌 치뤄도 괜찮은데요  ,SAMSUNG
이종열의 패배     ,SAMSUNG
이리된거 김윤수 각성만 바랍니다,SAMSUNG
  고 트레이드고 철수해야죠,SAMSUNG
조상우 놓친거 아쉽네요,SAMSUNG
류지혁한테   억이나 퍼주면서,SAMSUNG
대충 도는썰보면 급해보이는팀한테 더 요구한듯,SAMSUNG
삼성은 신인 잘 뽑지도  키우지도 못하는팀인데    ,SAMSUNG
이제 걍 스토브 철수했으면,SAMSUNG
불펜 영입은 물건너갔죠뭐  ,SAMSUNG
조상우 라팍이 무서웠나보네요,SAMSUNG
삼성은 원태인 서비스 타임  년 남았죠 ,SAMSUNG
기아는 경쟁팀 전력상승 가능성을 미리 차단시킨게 크죠,SAMSUNG
아까 썰 푸시는 분 중 한 분이 한 건 더 있을거라는데,SAMSUNG
 등 한번 하더니 조급증 말기 환자 병동 수준이네,SAMSUNG
이종렬 입만 털고 다 뺏기네      ,SAMSUNG
조상우가 실패가 되면 큰 이벤트는 없겠네요   ,SAMSUNG
조상우  라    라  는 말이 안되긴했음,SAMSUNG
미국유학후기  이재현 붕붕스윙    컴팩트스윙,SAMSUNG
조상우 몸상태대해서 확신을 못했을꺼같네요,SAMSUNG
내년    최대어를 위해 이제 숨고르기 가야죠      ,SAMSUNG
트레이드썰 관련 코멘트,SAMSUNG
삼성 트레이드 한다 안한다 ,SAMSUNG
조상우 영입 팀장선 논의에서 머무건 삼성인가보네요,SAMSUNG
함수호 인터뷰        ,SAMSUNG
함수호 이만수 홈런상 축하합니다 ,SAMSUNG
원태도 삼성왔으니까 주형이도 삼성오면 되겠네,SAMSUNG
김혜성 미국에서 계약 못하고 오면,SAMSUNG
조상우 관련해서 삼팬으로써 드는 생각,SAMSUNG
 삼성이 어떤 움직임을 보일지 주목된다 ,SAMSUNG
비시즌 분위기 좋네요   ,SAMSUNG
저희 내년도    노릴까요 ,SAMSUNG
송성문 틀드를 키움이 해주겠냐 생각했는데,SAMSUNG
우리 팀은 지명권 팔 시기 아닙니다,SAMSUNG
조상우 빼앗긴 삼팬들의 엇갈린 반응,SAMSUNG
내년  라에 가치책정에 따라 다르다 봅니다,SAMSUNG
조상우는 삼성이 필요한데 이종열은 뭐하고있었나요 ,SAMSUNG
이제 불펜 보강을 어떻게 할까요,SAMSUNG
조상우를 기아에 뺏긴 삼성팬의 정신승리 해 보죠 ,SAMSUNG
최원태 미국행 예정,SAMSUNG
지인피셜로 몇달전 트레이닝 팀장 갑질 얘기하신분 있었는데 글 검색을 못하겠네요,SAMSUNG
우리 불펜은 자체해결 하려 하는듯,SAMSUNG
            이율예  삼성  함수호  제  회 이만수 포수상 홈런상 수상,SAMSUNG
류지혁 좀 싸게 잡고 그 돈으로 송성문 트레이드 한번 찔러보지,SAMSUNG
   계약하며  삼성맨 이 된 최원태는 의욕이 넘친다  저도 미국 보내주세요 ,SAMSUNG
와 조상우가 기아갔군요,SAMSUNG
이정도면 불펜 보강 할 생각이 있는지 궁금함,SAMSUNG
결국 삼성이나 기아가 조상우 산다면 지금 뿐이였죠,SAMSUNG
심심해서 몇개찾아본 조상우 글,SAMSUNG
딱히 선수영입관련해서 이렇게까지 씨게 욕먹을만한건가싶은,SAMSUNG
전 이래된 이상 우타포수하나 영입하면 될거같네요,SAMSUNG
우리도 저정도 맞춰줄수 있었을텐데,SAMSUNG
기아 삼성 엘지 올해 강팀 셋다 스토브 일 잘햇네요,SAMSUNG
원태인 있을때 뭐라도 해야하는데,SAMSUNG
조상우 엄청 원하긴했었는데,SAMSUNG
전 솔직히 키움처럼 운영할수있는게 한편으로는 부러움,SAMSUNG
키움이 삼성과 저울질도 안해본거 같네요,SAMSUNG
이제는 트레이드도 어렵죠,SAMSUNG
내년  순위에 야수 뽑으면 됨,SAMSUNG
이종열단장 무브가 아쉬운건맞죠,SAMSUNG
이러면 이제 걍 스토브 끝내야죠,SAMSUNG
 불펜 보강에 대해서는 모든 가능성이 열려 있다 ,SAMSUNG
조상우 현 몸상태에대해서,SAMSUNG
만약  라운드 지명권 아깝다고 트레이드 안했다면 너무 아쉽네요  ,SAMSUNG
삼성이    아쉽네요  삼성이 더 필요하다고 봤는데,SAMSUNG
어쩌면 시도도 안했을거 같다는 생각도,SAMSUNG
수호 야구 잘하겠네요,SAMSUNG
   라에   억이었으면,SAMSUNG
올해 전체  번에 뽑을만한 포수가 있나요 ,SAMSUNG
기아 고민안하고 지른건 경쟁팀이 삼성이라는것도 포함이라고봅니다,SAMSUNG
그나마 우린 조상우 상대로 크게 약한게 없어서,SAMSUNG
조상우 지명권 주면서 하는것 보다는,SAMSUNG
이제 임기영 데리고오고 스토브리그는 접어야죠,SAMSUNG
조상우 저정도면 우리가 잡았어야 하는거 아닌가요 ,SAMSUNG
사실상   순위 신인이랑   억주고 조상우 데려온 꼴이네요,SAMSUNG
아쉽네요 조상우 데려오길 바랐는데  ,SAMSUNG
이러다 욱해서 임기영과 계약하는건 아닌지   ,SAMSUNG
트레이드 어이가 없네요  근데 어쩔수 없는듯 ,SAMSUNG
꿈에서 김현수가 트레이드됐었습니다 ,LG
이지강 인스타      장현식,LG
최채흥 엘지 관련 첫 인스스   ,LG
선수 범죄를 왜 구단 욕하는거임 ,LG
임찬규   종목겸업 염겸엽 하겠다     ,LG
엘지는 이제 타팀 선수 음주해서,LG
염감독 고딩때 별명,LG
배지헌 결국 엘지 스카우트 팀장 교체 관련 트윗 삭튀,LG
여러분의 인생직관은 언제신가요 ,LG
내년 가장 뒷 목 잡을 일은  ,LG
엘지 분위기가 바뀐건 김현수 때문이 아니죠,LG
현대 유니콘스 선수시절의 염경엽 감독,LG
백성진 팀장이 구단 내 보직 변경이라면,LG
나라 전체나 야구판이나 돌아가는 게 음주 관련 처벌은 지금 정도가 맥스임,LG
내 기준 김현수는    최고의 영입인 선수 ,LG
음주운전 적발시 구단에 대한 징계에 대해 어떻게 생각하시나요,LG
김현수의 최근  년          변화추이,LG
이상영을 음주운전 했다고 방출하라는게 이해가 안감,LG
                           ,LG
이상학 기자  자꾸 이러면 음주운전 처벌 수위 높여야한다 ,LG
엘쥐는 야구단 해체하라,LG
   가  중징계 금지 권고라고했으니,LG
애초에 방출은 징계가 아니죠,LG
   엘지 초비상  엘지 스카우트 팀장 백성진 팀장 교체 썰,LG
음주운전 선수는 방출시켜야 한다고 말하는 사람들,LG
펌  김현수의 마지막 불꽃,LG
줍든말든 이상영 김유민 방출시켜야됨,LG
보조코치는 바로 손절  유망주는     에서 했잖아    의 이상한  음주운전 잣대 ,LG
 명 남은        드랩         ,LG
겨우 이상영급 망주도 못버리는게 신기하네요,LG
장스나  최채흥  송승기 경쟁은 솔직히 최채흥쪽이 유리하지,LG
홍창기 문보경 비   다년 계약 얘기에    ,LG
최채흥 선발로 뽑은게 맞긴 하죠,LG
장스나가 생각한 최채흥픽과 부활가능성,LG
송승기의 장점이나 플레이스타일,LG
내가 트윈스  선발이다,LG
장스나 최채흥 불펜으로 쓸거면 딴애 뽑았지    프로 선발 기대하는거임  ,LG
스압  최채흥이 말하는 부진한 이유와   서 각오,LG
홍창기 문보경 두 선수는 비   다년계약 추진 하겠죠 ,LG
이믿음은 구단 벌금    만원 받았다네요 ,LG
  년 야수 개막전 주전 라인업 결정된 팀 있나요 ,LG
레전드만 찍었던 마의   억원   출루왕이 뛰어 넘을까   포커스 ,LG
흔한 투수의 마인드컨트롤,LG
오스틴이 참 좋은 용병인게,LG
홍창기는 타율보다는 장타력이 늘어야겠죠 지금 출루율에,LG
 타율  위 해보고 싶다   년 동안 출루왕만  번 홍창기  다음 목표가 생겼다,LG
치리노스 관련해서는 단장만 믿고 가는거죠,LG
항상 전력질주 하는게 맞다고 생각했는데,LG
치리노스의 부상이슈가  외국읜의사와 한국인 의사 시점이 다르쟎아요  ,LG
홍창기  년    억이면 적절한가요 ,LG
홍창기 트레이드한다면 타팀 유망주 얼마나 가져올 수 있나요 ,LG
보상선수 성적 기대치가 높으신분들이 많은듯요,LG
     이후광 기자 왜 오바하면서 엘지까나 했더니 베어스티비 나오시던 분이네요,LG
최채흥    최원태   년 성적예상   ,LG
   리그 티빙     중계 관련,LG
치리노스 메디컬의 진실은 ,LG
야구선수 롤모델이,LG
치리노스 메디컬은 차명석이 숨긴게 맞나봅니다,LG
  년에 우승해서 너무 다행이네요  ,LG
창기 다년계약하면 구자욱이랑 비슷하지 않을까요  ,LG
 홍창기 만나 얘기했다   출루왕  야수 연봉 고과  위 예약    는 비   다년 계약 찜했다,LG
김혜성 크보잔류하고 트레이드된다면 어디까지 줘도 된다 보시나요 ,LG
계약 파기하고 논란 진화까지 외국인 선수 키워드가 된  메디컬 테스트      이슈 ,LG
 구속     증가  스위퍼 추가  축구선수 겸업  그치만 임찬규는 야구선수잖아,LG
 교육  하세요  난 내 길 갑니다  대체 무슨 자신감으로 또  음주운전 인가,LG
 부상 나으면 다시 마무리하고파  장현식 김강률 심창민 왔지만 자리 안 뺏긴다  의지 활활 ,LG
장현식 조상우는 용도가 다른데 엘지는 장현식이 낫죠,LG
장현식대신 조상우  ,LG
새삼 문성주 다시 느끼네요,LG
계엄 북핵송금,LG
여기서 유니폼 구입했는데 잠수탔네요  어떻게 해야될까요 ,LG
펑,LG
 기아 갑자기 이대형   때가 생각나네요 ,LG
이해창 선수는 지금으로 보면 어떤 선수였을까요,LG
인스타에 대선배 굴욕사진 박제한 못된 후배,LG
 와     오지환 클래스 보소  이 영하 혹한 속 날씨에    절친 후배  명과 잊지 못할 추억 안기다  훈훈   논현동 현장 ,LG
엘지는 최원태 냉정히 얼마 불렀을까요 ,LG
 개구단팬분들 좌승현 황준서 김도현 누구데려가나요,LG
 성주     민재,LG
개막전 예매는 언제 풀리나요 ,LG
김혜성 어차피 미국 못갈거같은데 또 지명권에 팔지 않을까요  제가 정확한가격아는데,LG
임찬규 오늘자 염겸업 드립 터졌네요    ,LG
임찬규 홍창기 라이브 겁나 웃기네요    ,LG
김혜성 퐈되면 어마무시하긴 하겠네요,LG
불펜이 약점인가,LG
김현수가 생각보다 돈값을 잘한 선수는 아니네요,LG
오늘  시 홍창기 임찬규 라이브 방송 ,LG
펌  범석이 최최신 근황    ,LG
홍창기의 눈야구,LG
펌  크보 용병 출신 소사 최신 근황,LG
     시즌   인 엔트리        ,LG
김유민은 운이 좋네요,LG
근데 키움      뭘 달린다는거임  안우진 하나갖고 뭐 호들갑인데,LG
수비 실책 수가 많다고 수비 못하는게 아님,LG
 선발 송승기 최채흥 둘중 하나 자리 잡았으면 좋겠네요,LG
아이구 재원아   ,LG
허프    플럿코,LG
온세상이 박해민,LG
장스나가 평가한 최채흥 그리고 스토브리그 평가,LG
김서현 정해영 한명 데려올수있으면 누구 데려오나요,LG
현재 김유민 운전에 빡친 기자,LG
오스틴 쌕 선물 받았는데  ,LG
한국 야구선수 웨이트 빡시게 해야합니다,LG
펌  사야 아재들과 경기 뛴 범석이,LG
펌  어제자 차단장과 함께한 엘튜브 소통 방송 주요 내용 정리    ,LG
이상영은 송명기 거르고 뽑은거부터 실수,LG
펌  엘순이들이 뽑은 외모 이상형 월드컵,LG
           부활하면 기분 어떨까요,LG
서건창은 솔직히 남탓할거 없음,LG
어제 소통방송보다가 클래식과 레트로 콜라보는 여기 두곳 ,LG
 두산  두현수    엘현수,LG
 두산  두현수  엘현수        ,LG
문성주  ,LG
김현수 염감독한테 하소연하는거 같은데,LG
근데서건창응원가는,LG
    년 마지막 차명석단장 소통방송 주요내용,LG
홍창기 지금 성적 꾸준히 유지하면 영결가능성 잇지않나요 ,LG
  지만 양현종 영입 성공했으면 역대급   될뻔 했네요,LG
홍창기는 비   다년계약이 현실적으로 가장 좋아요,LG
전 김유민이 음주운전 사유로는 방출 안되길 바랍니다,LG
어제 소통방송 요약입니다,LG
오히려 김유민 같은애는 더 가중처벌해야함,LG
   팀 컬러,LG
김유민 유격 수비    ,LG
음주사고 그래도 다행인게 팀적으로 지장  도없다는거,LG
엘지는 또 음주운전으로 걸렸군요,LG
포에버엘지 협의중 ,LG
김현종 김성우 상무 지원 했으면 좋겠네요,LG
홍창기가    채은성 유강남보다는 많이 받지 않을까요 ,LG
   개막전 필승 라인업  반즈 통산 상대전적 ,LG
구속 혁명의 결정체라고 볼 수 있는 선수,LG
   레전드들 중 그래도 우승반지를 끼고 보냈어야 될 선수는 누구였나요 ,LG
오스틴이 송구를 진짜 잘 잡아주지않나요 ,LG
찬규 경엽볼 발언    ,LG
이의리 내년엔 개믹부터 뛰죠  ,LG
홍창기   나온다면 몇억보시나요,LG
엘지팬 중 차단 싫어하는 사람들 중에,LG
현재 차명석 단장의 심정,LG
  살 음주운전은 좀 빠르네요,LG
    번째 음주운전  일파만파  차명석 단장  내게 자체징계 내려달라 구단에 요구했다,LG
서건창 응원가 누구에게 주려나요 ,LG
내년 겨울 박해민은 최원태처럼 하는 방법도 있어서,LG
치리노스 썰에 대한 추측  소통방송 토대로 ,LG
저는 김박 내년에 재계약해도 괜찮다봅니다,LG
퓨처스 유격수 자리는 기회네요,LG
내년    마케팅 부서쪽 썰이라네용,LG
엘튜브 소통방송 보는게 빗자루할배 관련 댓글 엄청 올라와,LG
차명석  최채흥이  선발 가면 그게 베스트라 생각중,LG
김현수   패배하면 못 배워요  운동량 늘고 슬픔만 쌓이죠  ,LG
홍창기  년뒤 퐈 아닌가요 ,LG
이 팀에 기아상이라고 하면 올해 들어온 이 선수 생각났는데,LG
정수근 짬뽕사건 설명좀요,LG
치리노스  그럼 그분썰은 뭘까요 ,LG
전 이호준 코치 왈,LG
신인 김영우   군 스캠 참여 예정,LG
차단 피셜 연봉고과 투수 위 헌신좌    ,LG
허용주 추세현 관련 질문 제가 올렸는데 답변해주셨네요   ,LG
차명석 종편 방송국 제의로  개월 정도 막둥이 육아 방송 출연 할지에 대해 가족 회의를 했었다,LG
야구단에서 대리비 챙겨주지않나요 ,LG
홍창기 오늘 만나서 다년계약 계획있다고 꺼내봤다,LG
오늘 홍창기에게 비   다년 계약 제시할 계획 있다고 전달,LG
정용검이 열변 토하는 게 웃기네요     ,LG
이번 음주 사건으로 김현수  오지환 불러서 재발 방지에 대해 상의,LG
차단  치리노스 몸상태 이상무 엠팍 가짜뉴스 다   ,LG
차명석  엠팍 썰 거짓말임 치리노스 건강,LG
차단장  김범석 예전에 봤을 때  킬로 뺀거 확인함,LG
응원봉 나오면 튼튼하게 만들어줬으면 좋겠네요,LG
포에버엘지 협의중 ,LG
서건창  유강남 응원가 재사용 여부  포에버엘지 저작권 사용 답변,LG
차명석   앞으로 셀캡 넘길 일 없다,LG
이영빈  내년에 내외야 멀티 포지션,LG
채채야 느끼는게 많았구나    ,LG
최채흥  체중  킬로 감량과 금주 선언,LG
최채흥 반등위해 금주   ,LG
속보 최채흥 술 끊음   ,LG
박해민 주장 선출후 단장  파트별 팀장들 집합  ,LG
주워가든말든 이상영 김유민 둘다 방출시켜야됨,LG
차명석단장님은 참 방송 좋아하시는군요,LG
이상영 이고 김유민 이고 싹다 방출 해버리면 안되나요,LG
음주운전은 왜 하는건지 참,LG
개막전부터    킬러 또 선발투수로 등판,LG
음주운전한 선배들이 나락가는 걸 보고도 느끼는 바가 없나보군요,LG
그냥 이상영이랑 세트로 묶어서 같이 방출시켰으면 좋겠네,LG
퍼펙트리그 김현수는 염경엽 야구에 불만이 많네요,LG
염경엽 주전 야구 내년에도 계속,LG
김유민  군 평가 괜찮았네요,LG
차명석의 가장 큰 문제점은 감성팔이 쓸데없이 입터는거,LG
오늘 하필 이렇게 입고 출근을 해서,LG
 년에  번 적발된건 너무 심하네요 ,LG
김유민이 누군지 알았던 사람 ,LG
그냥 궁금한 점  자진신고 안하면 구단이 어떻게 알게되는거에요 ,LG
차명석 문제는 쓸데 없이 입을 턴다는 겁니다,LG
음주운전 걸리면 손가락 하나씩 잘라야,LG
근데 이상영  년실격이면,LG
근데 어차피 염감독 마지막해라,LG
이상영도 쫓아냈어야됐음,LG
도대체  군 분위기가 어떻길래 코치고 선수고 세번을 하냐고요,LG
내년  군 유격수는 신인 이태훈 기회 얻겠네요,LG
방출도 임탈도 안할수 잇지만 어차피 은퇴수순일듯  ,LG
차명석이  군은 현장이고  군은 무조건 본인이 관리한다고했음,LG
미친새긴가,LG
방출이나 임탈은 아니죠,LG
오늘 차명석 단장님 라이브 잊지마세요,LG
   신입 및 떠난 선수들의 첫 친정방문,LG
음주운전으로 방출해라 이러는건 에바죠,LG
김유민인지 뭔 이 듣보는,LG
음주운전 하는 놈들은 전부 임탈 걸기를,LG
  년도 개막도,LG
구단 처분 어떻게 할지 기대되네요,LG
그냥 둘다 방출했으면 좋겠네요,LG
이상영 징계가 약하니까 또 하는거지,LG
음주가 개인잘못이니 뭐니해도 한팀에서  년에  번걸린거면 단장 잘못 분명히 큽니다,LG
무혐의 뜬 이믿음 빼고 다 쫒아내야함,LG
이상영은 품고 갈거고 김유민인가 하는 애는 방출할거 같네요 ,LG
음주운전은 그냥 영구제명으로 다스려야  ,LG
이쯤되면 눈깔은 장식인듯,LG
개인이 사고치는 걸 막을 방법이 없음,LG
어차피 듣보잡 신인이라 치킨집차리면 될듯,LG
진짜 밤에 족발이랑 치킨 한마리라도 더먹으려는 우리 범석이가 선녀네,LG
 군에서 희망이없으니 술처먹고 운전하는거죠,LG
음주운전하는 사람들 습관입니다,LG
음주운전은 좀 가혹하게 처분해도 괜찮음,LG
교육하고 재발방지 아무 의미 없어요 답은 하나입니다 ,LG
      는   일 금  경찰의 음주운전 단속에 적발된    김유민에게  년 실격처분 징계를 내렸습니다 ,LG
김유민  년 실격처분 징계    ,LG
암흑기시절 빨았을때도 창피한적은 없었는데 저런 버러지들때문에,LG
엘지구단은 욕좀 먹어야   구단기록일듯,LG
사실 어제 엘지갤에 썰 올라왔었습니다,LG
 군 관리 개판이네          ,LG
김유민  얜 누구죠,LG
연속으로 사고치는데 구단 고위직도 한명 목 날라가야지 선수관리 개판으로하는데,LG
성인이니까 팀에서 관리에 한계가 있다는 말도 더 안통함,LG
소통방송 볼만하겠네  ,LG
김유민 선수가 음주운전 걸렸네요   ,LG
최승준 이상영 김유민 음주운전 빽투빽투빽,LG
아니 같은구단 선배를 보고도 바로저러는건 진짜,LG
이상영보다 더 악질이라고 봄  금붕어인가,LG
이러면 차단장 오늘 소통시간에 음주운전관련해서 피할수없겟네요,LG
개막  한달을 수원 한번 서울 경기만 하네요,LG
야구도 좆도못하는 버러지들이 팀 이미지만 개깎아먹네,LG
후    이런소식은 그만듣고싶네요,LG
     트윈스 김유민 음주운전 적발 ,LG
김유민 음주운전 적발,LG
   김유민 음주운전 적발    ,LG
개막전 롯데요    ,LG
   두산   홈  연전이 원래 이렇게 많았나요 ,LG
이 두팀은 개막부터 이런 경기할듯요,LG
개막전부터 엘롯이라니   ,LG
개막전 엘롯라시코    ,LG
거의 유일  하게 손해 안본 트레이드,LG
내년   경기에서 안봤으면 하는 장면       ,LG
불펜은 보강이라도 했다치고  ,LG
이팀은 키움이랑은 절대 트래이드 하면 않되는 겁니다,LG
우린 누가봐도 우리 쪽이 조건 좋다 해도 트레이드 하면 안 돼요,LG
이민호에게 또 속으실분 있나요 ,LG
기아 조상우 거져얻었는데 엘지는 머하고있었나 ,LG
김강률 영입은 ,LG
펨코 단톡방 이슈에서 관련 엘지팬은 없나보네요,LG
내년시즌 타격왕 홍창기 밀어봅니다 ,LG
     동동이 파이팅이다  ,LG
심창민이 전성기 언저리까지만 부활하면 조상우 못지 않은데,LG
   억 보상선수 방출선수  뒷문 보강한     이제 남은 건     억 베테랑 듀오  부활뿐이다,LG
경엽볼 당한 임찬규    ,LG
박해민   시즌 버닝시즌 된대도  차   잡지 않겠죠 ,LG
 역대 최초 샐러리캡 초과      년 연속 제재 피할 수 있나 김현수 연봉  억 남았다  관건은 오지환 장현식,LG
리그최고불펜 기아인가요 한화인가요,LG
이런경기 나오면   감개무량할듯   ,LG
엘지팬만 발견할 수 있는 사람    ,LG
최채흥이 선발승 올리고 심창민이 세이브 올리는,LG
오늘은 차단장 엘튜브 소통 방송 있는 날,LG
치리노스 몸상태는 문제 없는거 맞나요 ,LG
  가 오스틴 딘 전에 알아봤던 용병타자,LG
홍창기는 엘지가 다년계약하나요 ,LG
삭제글,LG
내년 신인중엔,LG
심창민 신인위주 야간훈련 참석할 정도로 간절    ,LG
장현식 뜬금 볼넷 많나요 ,LG
  가 전통적으로 외야 자원이 풍부하다고 들었는데,LG
우리 오프시즌 보강 이 정도면 충분하죠 ,LG
최채흥 기대치를 찾은거 같네요,LG
내년 시즌 어떻게 될지 예상하는거 지겹네요,LG
삼성 기아 최원태 최채흥 장현식 조상우 내년성적,LG
기아 부럽네요,LG
이거보면 올해 지를타이밍이긴 했네요,LG
스몰볼 싫다는 김현수    ,LG
차명석 필독  구본혁 트레이드 매물로 내놓으시죠,LG
조상우 잘던지면 기아 또 우승이네여,LG
아니 근데 조상우를 데려올라 했다구요        ,LG
갈차형 능력하나만큼은 크보 탑인줄 알았는데,LG
스토브리그부터 기아에 완패한 기분,LG
최원태 때문에 조상우영입 실패,LG
조상우 틀드 갖고 최원태 소환하는건 좀 아니죠,LG
개인적으로 올해 스토브 리그 우승팀,LG
갸형님덜 보면 역시 스포츠는 우승할수있을때 우승해야함,LG
조상우 부럽네요,LG
차단은 심재학 보고 배워야할듯,LG
신인들 나온 엘튜브보는데,LG
조상우 부상 아니에요 ,LG
신인들 보고가세요,LG
김재현    원클럽맨이었으면 영결 가능한가요 ,LG
굳게 닫힌 지갑 내부 경쟁으로 살아야하는 두산  이승엽호 운명은,DOOSAN
초등학생 팬에게  나 너네 친구 맞지   라고 외친 야구선수,DOOSAN
제이크 케이브 분석 ,DOOSAN
강승호  루 얘기나오는거보고,DOOSAN
내야대전       ,DOOSAN
야만없이지만 양의지가   에서 두산 상대로 우승을 하지 못하고 복귀했으면 영결 여론이 좋았을까요 ,DOOSAN
다들 워워 싸우지마세요,DOOSAN
  년도에 엠팍 가입한 아재여,DOOSAN
누가 보면 강승호가 리그 씹어먹는 타자인 줄 알겠네,DOOSAN
강승호  루 확정도 아니고 실험픽 중에 하나인건데,DOOSAN
류현준 닉쓰는 멍청한 친구야,DOOSAN
박흥식  김한수  이정훈  이복근 다 날아갔네요 ,DOOSAN
양석환도 사실 잘한건아니죠,DOOSAN
한때 팀에서 할매로 불렸던 야구선수,DOOSAN
내년 라인업 고정,DOOSAN
강승호 보상픽  년간 성적,DOOSAN
조수행이 홍창기의 출루를 가지면 어떻게 되죠 ,DOOSAN
우리팀  군 감독은,DOOSAN
 루 유망주가 많다지만 확실한 상수를 두고 왜 변동을 주나 싶긴 합니다 ,DOOSAN
여동건 선수 본인도  루까지 준비하고 있다 언급했는데,DOOSAN
어제 오늘 느끼는 건  그럼에도 불구하고 박준순을 뽑은 것은,DOOSAN
타팀팬들 양의지 영결얘기하는거 웃기네요,DOOSAN
팬들이 여동건  박준순은  루로 고정한 이유는,DOOSAN
여동건 박준순 유격  루 불가 ,DOOSAN
김진욱 전 두산    감독의 젊은 시절,DOOSAN
강승호  루논쟁 그만하는게 좋겠어요,DOOSAN
내야정리는 결국 강승호가  루가야 완성된다고 봐요 ,DOOSAN
다른 건 몰라도 강승호는  루면  루   루면  루 시즌 고정해줘야 함,DOOSAN
서현숙 피셜  두산 베어스 스폰서 휠라 아님,DOOSAN
이복근   ,DOOSAN
전다민 진짜 인기 많네요 ,DOOSAN
두산은 하주석이라도 일단 받아야하는거 아닐까요,DOOSAN
강승호  루 논쟁 개인적으로 어이없는 점,DOOSAN
예상컨데 내년  루 주인은 이선수일 확률이 많다봅니다,DOOSAN
두산 빠따가 괜찮다  말도안되는 소리임,DOOSAN
강승호  루  루 다 필요없고 실력으로 이기면됩니다 ,DOOSAN
돌승엽 안목 수준,DOOSAN
곽빈은 무조건 잔류할까요  ,DOOSAN
저는 강승호 루 대찬성임,DOOSAN
솔직히 내년 시즌 내야 제대로 돌아갈지 모르겠네요,DOOSAN
 루주전 강승호 흔들지좀 말았으면함,DOOSAN
안재석이   시즌 끝나고 전역이었으면 뭔가 구상이 더 편했을거 같습니다,DOOSAN
내년 시즌에 보여주지 못하면 위험할것 같은 선수들,DOOSAN
신인들 기회때문에 강승호를  루에 보내는건 좀  ,DOOSAN
그냥 강승호가  나는  루수가 편하다 라고 못박았음 좋겠네요 ,DOOSAN
히로시마 도요 카프 시절의 신성현,DOOSAN
이유찬이  루 가능하면 강승호  루에 계속 두면 될텐데,DOOSAN
내년 일단 내야진은 유격 박준영  루 이유찬으로 시작하겠죠,DOOSAN
신인들에 대한 기대가 너무 과한거 같네요,DOOSAN
조상우를 영혼까지 털었던 경기죠,DOOSAN
 루 뛰고 싶으면 실력으로 차지하면 됩니다,DOOSAN
김재호    오지환,DOOSAN
허경민 김재호 모두 떠났다  두산 베테랑 무거운 짐   골든타임  살릴 수 있나,DOOSAN
우리팀 외인빼고 올 시즌 성공할거같은 외인투수,DOOSAN
양의지 피셜  제일 까다로운 투수는 한현희다,DOOSAN
강승호  루가 베스트인건 부정할 수 없는 사실,DOOSAN
개인적인 정규시즌 두산 최고의 경기,DOOSAN
이정도면 역대 베스트팀 다섯 손가락 안에 드는 팀 중 하나로 뽑히겠죠 ,DOOSAN
강승호  루 찬성파분들,DOOSAN
강승호가  루수로 가야 하는 이유,DOOSAN
양의지가 인정한 커브좋은투수,DOOSAN
 두산       시간이 참 빠르네요  어느덧   번째    둥이의   월  일은     와 함께였다,DOOSAN
 강점 극대화  필요한 두산  홈런타자들이 중심 잡아야 산다 ,DOOSAN
강승호  루에 가면 나는  루수다   루수다 해야함 ,DOOSAN
         음주운전,DOOSAN
하주석 두산은 말이 안되긴했죠,DOOSAN
김혜성 남는다면 두산에서 대려옵시다,DOOSAN
 유격수가 누구야   두산     하주석에 관심 없다   내부 무한경쟁으로 가닥,DOOSAN
에이스 놓쳐도 괜찮을 두산  옆집은 레전드 외인 타자 데려왔다 해치와 계약 해지가 아쉽지 않은 이유,DOOSAN
   발라조빅 타이거즈행  마이너리그 계약 ,DOOSAN
조수행 연봉  억 실화 ,DOOSAN
해치 계약파기 시 계약금은 어찌 되나요 ,DOOSAN
김경문 감독이 신인 시절 박병호에게 관심이 있었군요 ,DOOSAN
이승진은 재기 가능할까요 ,DOOSAN
언젠가 양의지 리턴처럼 투자할 가능성 있을까요 ,DOOSAN
두산 타선은 중장기적으로 이렇게 리빌딩 하면 좋을 것 같습니다 ,DOOSAN
      김택연  조병현 근황,DOOSAN
혹시 만약 김혜성 받아올 수 있나요  틀드시,DOOSAN
두산 투수 용병 바꼈던데 질문 있습니다 ,DOOSAN
두산  외국인 선수 교체 잭 로그       송재우 ,DOOSAN
지금 두산입장에서 확정인 포지션은  곳,DOOSAN
    최초 복성 등록 된 야구선수,DOOSAN
장현석    택연이의 직구는 나보다 낫다,DOOSAN
김재환이 거포의 이상적인 몸인듯요,DOOSAN
정용진이 처음에   가 아닌 두산을 사려고 했다가 무산되었는데,DOOSAN
당신이 두산 감독이라면 가장 파괴력 넘치는    번은 누구   명 픽 ,DOOSAN
금민철 선수가 히어로즈로 트레이드 되었을 때,DOOSAN
이승엽이 까이는 원인중 하나는,DOOSAN
전다민 응원가  비공식 실제아님 ,DOOSAN
  계약은 기아처럼해야,DOOSAN
예상 희망 라인업,DOOSAN
올해 이유찬 정신 없었겠네요    ,DOOSAN
전 강승호가  루 가는게 맞다고 봅니다 ,DOOSAN
잭 로그는       던지는 함덕주죠,DOOSAN
잭 로그는 앞선    외국인투수들중 어떤선수와 비슷한 선수인가요  ,DOOSAN
   두산       프리미어   국대,DOOSAN
기아는 강백호만    영입하면 리빌딩도 필요없을듯,DOOSAN
이쯤되면 기아 왕조 시작인건가 ,DOOSAN
   이 삼성출신이라 과도하게 까인다  이건 진짜,DOOSAN
박준영이 유격수로 어느 정도 준비된게 희소식이네요,DOOSAN
강승호  루가는건 본인 가치 까먹는거라,DOOSAN
이승엽이 까이는 이유는 삼성 출신이라 그렇죠,DOOSAN
어차피 내년시즌 불펜이닝 관리가능할거라봅니다,DOOSAN
강승호  루는 대찬성이네요 ,DOOSAN
두산 불펜 혹사때문에   시즌 불안하다는 말에 동의하기 힘든게,DOOSAN
저처럼 강승호  루 반대인사람있나요  ,DOOSAN
느낌에 강승호는 무난히  루 포변 성공 할거 같고,DOOSAN
  코시때     차전 내줬다면 업셋    차전갔겠죠 ,DOOSAN
케이브가 한국행을 준비하는 과정    ,DOOSAN
왠지 두산 트레이드 한 번 더 할 것 같아요,DOOSAN
이용찬은 본인이 마무리 하기를 원했죠 ,DOOSAN
내년씨즌 박치국 선수의 중간역할이 중요해보입니다 ,DOOSAN
여동건 박준순  루 유격 불가판정인가보군요,DOOSAN
 루수  유격수 오디션 결과 어떻게 예상하시나요 ,DOOSAN
내년 투타 바라는거,DOOSAN
송재우 선수평가할 때 원래 립서비스 하는 타입인가요 ,DOOSAN
로그 커브  스위퍼  ,DOOSAN
근데 뭐 저희 네일도 원랜 커브로 집게되었다가 한국에선 스위퍼로 분류 된거니,DOOSAN
잭 로그 스위퍼 논란은,DOOSAN
잭 로그     년     년     커브  스위퍼  영상,DOOSAN
  시즌 일정보니깐 벌써 두근두근합니다,DOOSAN
로그는 스위퍼가 주무기  기록엔 던진 적이 없다 ,DOOSAN
    년 두산 베어스 장거리 지방 주말 원정 스케쥴,DOOSAN
대전 가보고 싶었는데   ,DOOSAN
내년에도 소프트뱅크랑 스페셜매치 할까요   ,DOOSAN
개막전 어빈 로그가 낫지않나요,DOOSAN
    두산 개막전부터    더비,DOOSAN
어빈 개막부터 문학이라      ,DOOSAN
홈 개막전이 삼성이네        ,DOOSAN
 롯데  내년 봄     구단과의 연습경기 일정,DOOSAN
홍성호가 박치국보다 나이많음,DOOSAN
일본 미야자키에서    리그 롯데  두산과      개 구단 맞대결 열린다,DOOSAN
두산의 개막전 라인업,DOOSAN
예상치 못한  메디컬 이슈  하지만 플랜  아니다  두산은 처음부터        외인 도 생각했다,DOOSAN
 깜짝 활약  최준호  특급  선발 가능할까  느린 공 장착     이닝 목표 ,DOOSAN
전지훈련때 원정유니폼을 안가져와서 벌서는 야구선수,DOOSAN
내년시즌 개막라인업,DOOSAN
올시즌 김택연 던지는거 보고,DOOSAN
미국간 대한이는,DOOSAN
대단하고 굉장했던 프로  년 차 김택연,DOOSAN
유망주들 기대치 가치 ,DOOSAN
저는 개인적으로 엘도라도의 대척점에 있는 응원가는 해야 라고 봅니다 ,DOOSAN
개막전에서 감동의 시구를 보여준 인물,DOOSAN
야마모토가 창던지기를 하는 이유는 전신 근육을 다 쓰기 위함이죠,DOOSAN
지명권 트레이드는 무슨느낌일까요 ,DOOSAN
우리     년 신인 지명권 다 주면 안우진 받아올수 있나요 ,DOOSAN
두산 새용병 잭로그 망할 경우 별명 확정,DOOSAN
알칸타라 브랜든 해치,DOOSAN
만약 내년 마운드 성적이,DOOSAN
두산  데일 만큼 데였다   외국인  광속  계약 메디컬  철저  대안  신속 ,DOOSAN
여러분이 생각하는 이영하의 적정 몸값은   년 기준입니다  ,DOOSAN
두산은 내년   가  명이라 여력이 없죠,DOOSAN
황  잭 로그    다저스   인 로스터,DOOSAN
두산 콜어빈 잭로그 제이크케이브 용병만보면 몇위계약일까요 ,DOOSAN
썸타임즈에 김상진 코치님 인터뷰 떳네요,DOOSAN
내년 시즌 외국인 투수   ,DOOSAN
그럼 잭 로그 선수는 메디컬 테스트를 했을까요 ,DOOSAN
전 그래도 토마스 해치가 아른거리긴하네요,DOOSAN
 마구  스위퍼 던지는 좌완 품은 두산  외인 투수 교체 전화위복될까,DOOSAN
예전 서현숙 인스스였는데,DOOSAN
두산 팬 분들만 답변부탁드려요,DOOSAN
기아가 조상우 진짜 영입 잘한 이유         ,DOOSAN
잭로그 선수 구종 비율 정보,DOOSAN
단순하게 생각해도 복귀한 용병 스카우터 일 잘하네요,DOOSAN
해치 보단 로그가 나아요,DOOSAN
잭 로그 작년 트리플   성적  영상  안타 완투 경기  제러드영 나옴,DOOSAN
팬들이 다시 봐서 반가워 했지만 그립지는 않았다는    에 출전한     출신 이스라엘 국가대표 팀 투수,DOOSAN
내년  루대체자 못구하면,DOOSAN
와 근데 진짜 키움도 대단한게          ,DOOSAN
내년 두산 치어리더 합류가 유력한 권희원 치어리더,DOOSAN
횽들 나중에 이주형 풀리면 데려올 구단있을듯,DOOSAN
조상우 폼좋았으먼 우리도 데려올법 ,DOOSAN
내년     연전 저격 선발 완성됐네요,DOOSAN
키움팬들 야구   보기싫겠다,DOOSAN
잭 로그 영입 게시물 콜 어빈 반응,DOOSAN
어빈 케이브는 메디컬 이상 없다고 봐야겠죠 ,DOOSAN
잭로그,DOOSAN
별명 나왔네요,DOOSAN
   두산 베어스가   일 수  외국인 잭 로그               와 총액   만 계약금   만 연봉   만  달러에 계약했습니다 ,DOOSAN
잭 로그 오피셜    ,DOOSAN
잭 로그는 좀 신기함,DOOSAN
이렇게 되면 내년 선발 어빈 곽빈 로그 최승용 최준호 이 순서가 괜찮지 않나요,DOOSAN
용투 교체는 별 문제 없는거네요 ,DOOSAN
저는 잭로그가더 나아보입니다,DOOSAN
해치는 이미 윈터미팅기간 정밀하게 메디컬 한다고말했군요,DOOSAN
같은 실수     두산  메디컬테스트 후 해치와 계약 해지    기준이 타이트할 수밖에 없었다 ,DOOSAN
잭로그 잭루츠 어감이 비슷하네요,DOOSAN
쟉 로그 정도면 그래도다헹이죠,DOOSAN
해치는 엔스느낌 잭로그는 윌커슨 느낌,DOOSAN
두산 팬은 아닌데 메디컬 체크 안하고 계약을 함 ,DOOSAN
해치대신 잭로그면 업그레이드 아닌가요 ,DOOSAN
두산이 부상에대해서 이를 갈았구나 ,DOOSAN
해치보다 로그가 훨씬 좋아보이는데 ,DOOSAN
잭 로그 투구폼영상,DOOSAN
어빈  곽빈  로그 모두 커브가 위닝샷이네요,DOOSAN
잭로그라니 오히려 더 좋은것 같은데요,DOOSAN
잭 로그     년  월   일 경기영상 및 선발 출전시 구종별 세부기록          평속         ,DOOSAN
두산이 용병  황이네요 ,DOOSAN
잭 로그 직구 평균 구속          ,DOOSAN
로그랑 어빈 같은 팀이었네요,DOOSAN
잭로그 오히려 저는 좋아보이네요,DOOSAN
저는 메디컬 아니래도 잭 로그가 더 낫다고 봅니다,DOOSAN
해치 연봉줘야하나요 ,DOOSAN
잭 로그면 그래도 자주 언급되던 후보네요 ,DOOSAN
안정성은 잭로그가 낫습니다,DOOSAN
  가 용병관련은  타이긴 하네요,DOOSAN
차라리 좋은쪽으로 생각합니다,DOOSAN
그럼 우리 교체권 장날린거죠  ,DOOSAN
콜 어빈 인스스    ,DOOSAN
해치 잭로그 누가 괜찮죠  ,DOOSAN
해치 메디컬 탈락    잭 로그 유력,DOOSAN
 단독  두산     만 달러 토마스 해치 계약 파기 대체 선수 영입 임박,DOOSAN
 단독  두산     만 달러 토마스 해치 계약 파기 대체 선수 영입 임박,DOOSAN
오지환 영결을기준을 왜 타팀이 떠들고있음 ,DOOSAN
최원준 근황,DOOSAN
내년에 김민호 선수는 백업 유격수 쓸 가능성 있어 보입니다 ,DOOSAN
롯데산 김민석은 과연 대박을 터뜨릴 수 있을까요 ,DOOSAN
보통 샐러리캡은 팀간 균형 때문에 도입되는 걸로 아는데    는 구단이 돈 많이 나가니까,DOOSAN
최경환    진갑용    ,DOOSAN
내년 두산 불펜의 한축을 맡아줘야 하는 선수,DOOSAN
최경환과 진갑용도 벤치클리어링이 있었군요 ,DOOSAN
잼민택연      ,DOOSAN
제발 하주석 이학주를 영입하자는 역겨운 소리를 멈춰주세요,DOOSAN
근데 두산프런트가 거짓말할 이유가있나요 ,DOOSAN
우리팀 유격수 하주석 이학주,DOOSAN
떡상각 보이는 신입 두치    ,DOOSAN
원래 이시기가 유망주 고평가 행복회로 기간이라,DOOSAN
거포 유망주 누가있나요,DOOSAN
하한선 안만들거면 시청률대로 중계권 나눠야지,DOOSAN
제러드영 음    ,DOOSAN
우리도 내년에 우승 각보이면 틀드받아오나요 ,DOOSAN
김현수한테도 오퍼안한게 김태룡인데,DOOSAN
제러드보다 케이브가 나을수도,DOOSAN
   포함 원클럽 플레이어   년 이상 ,DOOSAN
제러드 영 관련 이영미와    취재 내용,DOOSAN
    제러드영 돈 요구한 적 없다,DOOSAN
 우와       억   억   억  트레이드 얽힌  인 평행이론 류지혁 김태군 홍건희  닮은꼴 대박 계약 ,DOOSAN
낼 대타가 없었다  이승엽 염경엽 비슷했던 결말  두산    내년에는 달라질까,DOOSAN
저만 여동건이 박준순보다기대되나요 ,DOOSAN
두산팬분들 택연이는 이제 마무리 고정인가요 ,DOOSAN
김택연    그럼에도 불구하고 개먹전에 털린 거 오히려 좋았다         ,DOOSAN
김택연    개막전에 나 잔짜로 쓸 줄 몰랐다            ,DOOSAN
하주석 이학주 류지혁 이야기는 왜 나왔는지,DOOSAN
김택연 안 좋은 일은 절대 안하겠다,DOOSAN
김택연 전체  번보다 그냥 두산오고싶었다,DOOSAN
김택연정도면 메이저 직행해도 바로 통했겠죠 ,DOOSAN
개막전 상대로 쓱이랑 단두대 매치 겸     더비로 가길 바랍니다 ,DOOSAN
제러드는 메이저 계약인지 몰랐네요,DOOSAN
혼혈 최우혁,DOOSAN
어빈 해치가 성공할 수 밖에 없는 이유,DOOSAN
브랜든 제러드 동시 뉴욕 메츠행,DOOSAN
 배구밖에 모르는 남자  두산 니콜리치  두산  기회가 된다면 시구를 해보고 싶다 ,DOOSAN
이번 시즌은 확실하게 수비들의 역할이 매우 중요하지 않을까 싶습니다   ,DOOSAN
두산이랑 기아랑 개막전 하면 좋겠네요,DOOSAN
이용찬 사트 데려오면 좋기는하죠  ,DOOSAN
풀 히터 당기는남자,DOOSAN
두산팜 야수 유망주 탑은 누구인가요 ,DOOSAN
브랜든 뉴욕메츠,DOOSAN
정철원 김강률 떠난 뒷문  그럼에도 두산  최강 불펜 은 건재하다,DOOSAN
 년 만에 연봉 인상 감격  방황 부진 학폭 무죄  아픈 과거는 안녕    승 에이스  다시 날아오르다,DOOSAN
이영하 프리미엄   출전으로 내년시즌 끝나고   네요,DOOSAN
제라드영은 돈미새는 아니고요,DOOSAN
브랜든 와델 메츠마이너 계약,DOOSAN
브랜든 뉴욕 메츠와 마이너 계약    ,DOOSAN
   전 두산 베어스 제러드 영  뉴욕 메츠와 메이저리그 계약,DOOSAN
삼팬들 류지혁   억에 두산가라고,DOOSAN
일단 이승엽 감독이 내년에 좋은 평가 받는 방법은   ,DOOSAN
그래도 내년에 보상선수 부담은 없지 않나요 ,DOOSAN
어빈이면 역대급 용병 아닌가요 ,DOOSAN
향후  년간 내부   명단인데,DOOSAN
갑자기 강백호   ,DOOSAN
양의지 선수가     년 시즌 주장이네요 ,DOOSAN
강백호는 사활을걸고 잡아야됩니다 ,DOOSAN
기아 용병들보니 우리 세 용병들이 처음보단 좀 초라해지네요  ,DOOSAN
전 강백호가   를 떠난다 하더라도 그 행선지가 두산은 아닐거라 확신합니다 ,DOOSAN
라이벌 수상에 뿌듯한 양의지  아직 양 강  기뻐 은퇴할 땐 좋게 남을 것 같아 ,DOOSAN
김강률 떠난 두산   고속성장  최지강의 어깨가 무겁다 ,DOOSAN
싸인볼,DOOSAN
난 이해안가는데 강백호는 왜 잡자는 사람이 많죠 ,DOOSAN
팀내  에 대한 팬들 변화,DOOSAN
성영훈 박한이 삼구삼진 슬로우     ,DOOSAN
성영훈 고교시절 혹사가 역대급      이었나요 ,DOOSAN
화가 난 듯 한,DOOSAN
프랜차이즈 스타들을 이리 허무하게 놓친다고  두산은    안 잡았나  못 잡았나,DOOSAN
어빈  케이브,DOOSAN
콜 어빈 기대치얼마인가요 ,DOOSAN
두산 콜 어빈은 류현진급 해줄듯 ,DOOSAN
스윙폼만 보면   홈런 용타     ,DOOSAN
두산그룹 타격받을 일은 없겠네요 ,DOOSAN
옛날 로고 변경 당시 후보안       ,DOOSAN
두산 베어스 역대  차  라운드 지명선수,DOOSAN
내년에도 얘 볼 수 있을까요 ,DOOSAN
김경문 감독이 제일 부담스러워 했다는 유니폼,DOOSAN
두산은 우투좌타 투수들이 많네요 ,DOOSAN
전임자랑은 다르게  루타  개를 기록 한 외국인 타자,DOOSAN
두산이 정권 교체와 원전에 상관 없다니        ,DOOSAN
어빈 곽빈 쌍빈은 믿음이 가는데  최 해치가 문제죠,DOOSAN
홍건희 내년    신청 하면 보상선수 없는건가요 ,DOOSAN
역대 두산    보상선수,DOOSAN
베어스 통산    순위,DOOSAN
  강백호 돌아오면 메이저리그를 보내는게 맞음,KT
강백호가 포수 만족하는거죠 ,KT
    팬분들께 질문         뭐가 더 재미난 시즌인가요  ,KT
수영복 입은 이강철 감독    ,KT
지난 달 천성호 유격수 전환 기사,KT
강백호는 해외진출꿈 접은걸까요,KT
배정대  양현종보다 니퍼트,KT
배정대 인방 출연중,KT
로하스 영결 해줄만 하지 않나요 ,KT
  랑 강백호가 다년계약 할지 궁금하네요,KT
내일 저녁  시반 배정대 인방 출연예정,KT
키움팬 분노 웰케 남 얘기처럼 안 느껴지지  ,KT
선발 퀄리티는 몰라도 선발 구성으로는 진짜    상대하는 팀 입장에선 짜증나겠네요 ,KT
해치대신 로그면 우리한텐 호재네요,KT
강백호 좌익수  루 수비가 별루인가요 ,KT
펌    갤에 올라온 썰,KT
유신고로 진학한 김주일 아들 박영현 동생    ,KT
동명이인 야구선수 때문에 별명이 붙은 코칭스태프,KT
좌투수한테    타선이 시험대인 이유    ,KT
퍼펙트리그 보는중에 궁금증이 생겨서 그러는데 강백호선수 포수출장시,KT
마법사의 스토브리그,KT
는 황재균이 멘탈 회복하면 우승 유력 후보죠  ,KT
강백호    적정가는 ,KT
워크에식 분야 최강자는 단연 신본기인데 왜 신본기는 안데려가는지   ,KT
박민석이 니퍼트 직구에 못 따라가네요 ,KT
야구부장  류지혁에 관심있는 팀은   ,KT
   롯데 타임빌라스 수원점에서                   윈터 팝업 스토어  연다,KT
선발  인 로테이션은   가 젤 좋은것같네요,KT
  위즈 역대  차  라운드 지명선수,KT
    뭐 하고 지내셨어요 ,KT
내년에 강백호가 올해 수준의 성적을 기록하면,KT
저는 하주석 싸트 왜   일것 같죠 ,KT
강백호 진지하게 실가능 포지션 어디인가요,KT
    강백호  당연히   에 남도록 할 것     단장  대체 얼마를 줘야할까,KT
장진혁 응원가 그대로 쓰실 ,KT
황재균은 미국에서는 순한 양이였는데,KT
전 솔직히 내년에     강에서 밀릴거라고 예상하고있습니다,KT
뉴발란스,KT
하주석 케티와라,KT
  는 내년  고영표 소형준이  키 포인트죠,KT
외인 전력은 최고인거 같은데요,KT
  위즈파크 바로 앞에 있는 사우나에서 큰불났네요     ,KT
이강철의     년 운영 패턴,KT
조이현 천성호 권동진 축하합니다 ,KT
엄상백을 사이드로 알고 계신분이 많네요,KT
고영표 내년에 반등할 확률 높아졌네요,KT
 필승조 부담 덜어주고 싶다       년 원클럽맨   서 새출발  최동환  마당쇠 역할 자처했다,KT
로하스 계약 방식 쿠에바스 계약이랑 동일한가 보네요,KT
로하스에게 크보는 개꿀 리그,KT
킅갤 썰  믿거나 말거나 ,KT
로하스가 크보 역대 타자용병 탑 안에 들까요 ,KT
혼란을 틈타 소형준 노학수    ,KT
 한화 틀린그림찾기,KT
로하스 권력욕 보소    ,KT
 삼성  박지영    강백호 선수에게  종신   입니까 ,KT
외국인 스스스    ,KT
로하스  년 더 남으면 영결가능한가요 ,KT
로하스 인성    ,KT
    모자를 쓴 로하스    ,KT
    로하스와    만달러에 재계약    에서  번째 시즌 맞이한다 오피셜 ,KT
로하스    만 재계약    ,KT
멜로하스 재계약 금액예상,KT
최동환  우규민이   분동안 전화해,KT
네이버 미치겠네요   ,KT
최동환 선수 영입,KT
또 시작하네요    ,KT
   오타니 합성      발퀄     ,KT
킅갤 썰  믿거나 말거나 ,KT
   오타니 합성,KT
로하스 재계약하면 영어 통역사는 잘리나요 ,KT
로하스 내년엔    만불까지 받을 수 있네요,KT
   승 좌완  복수 구단 경쟁 끝   행  후라도 영입  처음부터 헤이수스만 생각했다 ,KT
  는 검증된 용병 데려오면서 로하스 재계약까지 가능하네요,KT
내년엔 올해보단 잘할듯 하네요,KT
 인기남  헤이수스가   에 물었다    왜 나를 영입하려고 해요    스경 이슈 ,KT
내년에 덕아웃 스페인어로 시끄럽겠네요   ,KT
헤이수스  오원석  허경민 합류로 기대되는 점,KT
후라도를 잡을 수 있었어도 헤이수스 선택한건가요 ,KT
퀄스    위가 한 팀에서 뭉쳤네요 ,KT
쿠에바스는 왜 재계약 한건가요 ,KT
쿠에바스가 헤이수스에게 연락을 했군요    ,KT
      컴투스프로야구 리얼글러브 어워드   루수 황재균  ,KT
   헤이수스 합성    ,KT
로하스 재계약,KT
헤이수스 사용설명서,KT
벤자민 작별인사    ,KT
  도 우승 후보로 전혀 손색이 없네요,KT
 단독  키움 떠난 헤이수스  영입전 승자는         만달러 풀베팅  쿠에바스와  원투펀치 ,KT
우리팀 트레이드 가치 순위 매기면 어떻게 될까요 ,KT
  가 다년용병들이 많아서 잘 티는 안나는데,KT
로하스 일본 재진출 타진 기사 나와도 믿을사람 있을까요,KT
로하스 다시 일본갔다가 또 크보 리턴하면,KT
고영표 올해 나왔으면 얼마였을까요 ,KT
   헤이수스 합성    ,KT
  와 협상 중 아니었나 부활한      일본이 또 군침 흘린다  일본야구 재도전  거취에 관심 쏠려 ,KT
로하스,KT
쿠에바스   년 채우면 영구결번 가능할까요 ,KT
벤자민 후임 찾는     헤이수스 영입하나  이왕이면 좌완  헤이수스  후보 중 한 명 ,KT
  위즈   즈 선수들 강화도 펜션 놀러갔나 봅니다,KT
쿠에바스 영결 가능하다    불가능하다,KT
나도현 단장 상무이사로 승진했다는데,KT
로하스  오피셜 보인다       월 첫째 주 안에 좋은 소식 전하고파 ,KT
 펌  허경민 카툰,KT
쿠에바스  년이던데 이쯤되면 그냥 외국인에서 빼줍시다,KT
쿠에바스 최초 외국인 영결 받는거 아니에요 ,KT
쿠에바스  년 동행 확정         ,KT
아니 쿠에바스 은근 장수용병이네요      ,KT
쿠에바스가 니퍼트 두산 연차 잡았네요   ,KT
쿠에바스 재계약기념 짤,KT
헤이수스도 조만간 뜨겟죠 ,KT
쿠에바스  년 정도 더 뛰면 영결도 가능할까요  ,KT
쿠에바스    만불 리사인   년 연속 잔류,KT
쿠에바스는   의 니퍼트네요,KT
쿠에바스    만 ,KT
킅갤 썰,KT
벤자민은 재계약 불가인건가요 ,KT
헤이수스   오면 좋은점,KT
저희팀이 헤이수스 데려온다면,KT
수도권 외인 투수는    한 자리만 남았네요,KT
머니볼      헤이수스 영입 한발짝 앞서있다 ,KT
   썰    ,KT
헤이수스 우리팀 올 수도 있나 보네요,KT
짐머맨 올해 성적 아시는분,KT
시상식에서 기아 선수들 만난 박영현,KT
브루스 짐머맨이 올까요 ,KT
킅갤 썰,KT
킅갤 용병썰 믿거나말거나 ,KT
강백호 비다년으로 묶일 가능성있나요 ,KT
콱갤 썰 입니다  믿거나 말거나 ,KT
스포하네요 김도영만 겁나 큼,KT
승률상 박영현    ,KT
킅갤 썰  믿거나 말거나 입니다 ,KT
이 팀이 좌완 하나 구할텐데 누굴 고를런지,KT
킅튜브 나온 황재균,KT
     스토브리그  내야 백업   외야 백업   유격수 천성호 선수의 최종 목적지는 ,KT
드래프트 날 소형준 사진을 보면서   ,KT
강현우는 여차하면  루도 겸업하면 어떨까 싶은데  ,KT
저희 팀 야수 유망주 내년에 터질 선수 누구일까요 ,KT
설마 우리가 트레이드 아니겠죠 ,KT
   야수진의 고령화에 대한 글 써보았습니다 ,KT
장진혁에 대한 고급 정보 알려드립니다,KT
고영표 무죄선언,KT
강백호는 내년에 우르크    만 넘어도   ,KT
케이티는 국민여론 때문에 셀캡 꽉 못채울까요 ,KT
  종신 질문에 강백호는  어  네   일단 내년에도 열심히 해서 팬 페스티벌을 했으면 좋겠다 라고 답했다,KT
 강백호 종신    하실 거죠   강백호가 직접 답했다    뜨거웠던    팬 페스티벌 현장  새벽  시 대기     팬들은 행복했다 ,KT
새 주장 장성우   종신   맨  선언  시켜만 달라 ,KT
 한화  김강민에게 온 전화 한 통   박 경수야  우리  장 진혁이 잘 부탁한다   현장 인터뷰 ,KT
한화 김강민   경수야 우리 진혁이 잘 부탁한다 ,KT
허경민은 이거땜에   억 이상은 손해봤을듯,KT
오원석 적응 다했네요    ,KT
   문상철 기아 이준영 트레이드 밸런스 어떤가요 ,KT
진혁 선수 영상보는데 슬프네여,KT
    마캠 참여한 일본 선수가 이사람이군요,KT
 한화   김경문 감독님 감사합니다  마지막 날까지   눈물로 떠난 달의 남자  이제 강철 매직에 보답할 때,KT
허경민 잠실 두산전에 나오면 야유 받을 정도인가요 ,KT
후라도나 헤이수스 키움이 푼 외인용병 계약하는게 나을듯,KT
문상철 기아랑 트레이드하면 어떨까요 ,KT
강민성 컴패리즌은 문상철,KT
헤이수스    가능성 얼마나 될까요 ,KT
선동열은 사사키보다 못했음 그걸로 끝,KT
한게 보니까 강백호 올해 성적으로는  년   억이라는 분들이 꽤 있던데,KT
이강철 감독은 내년이 분수령이라고 봐요,KT
이종범 생각하는거 보니 개할배 마인드던데      ,KT
강백호 문제는 이강철 스타일 때문에 발생한거기도 함,KT
홍현빈선수는 공격이랑 수비는어떤가요 ,KT
   허경민 응원가  합성 원곡  빅토리 닌자고 ,KT
   팬카페나 커뮤니티 추천 좀 해주세요,KT
왜 데려왔는지 이해안갔는데 의외로 잘한 케이스,KT
하주석 데려가려면 솔직히 얘네밖에 없음,KT
강백호 만약 내년에 이성적 찍고 나오면 ,KT
강백호의          변화추이,KT
성남 야구장은     군이 오겠죠,KT
강백호 수비 출장 보니까 기괴하긴 하네요,KT
미국  일본이 주시한다     설마 또 외인     허무하게 뺏기나   재계약 여부 물었더니,KT
성이 좀 민망했던 야구선수,KT
   장진혁 응원가 제작해보았다,KT
내년에 강백호 인기가 가늠이 안 되는 이유,KT
윤세호   로하스는 오래 함께 하고 싶다는 차원,KT
    년이면 크보에서 제일 낡은 구장은 위팍이 되겠군요,KT
오원석 적응 다했네요    ,KT
   문상철 기아 이준영 트레이드 밸런스 어떤가요 ,KT
진혁 선수 영상보는데 슬프네여,KT
    마캠 참여한 일본 선수가 이사람이군요,KT
 한화   김경문 감독님 감사합니다  마지막 날까지   눈물로 떠난 달의 남자  이제 강철 매직에 보답할 때,KT
허경민 잠실 두산전에 나오면 야유 받을 정도인가요 ,KT
후라도나 헤이수스 키움이 푼 외인용병 계약하는게 나을듯,KT
문상철 기아랑 트레이드하면 어떨까요 ,KT
강민성 컴패리즌은 문상철,KT
헤이수스    가능성 얼마나 될까요 ,KT
선동열은 사사키보다 못했음 그걸로 끝,KT
한게 보니까 강백호 올해 성적으로는  년   억이라는 분들이 꽤 있던데,KT
이강철 감독은 내년이 분수령이라고 봐요,KT
이종범 생각하는거 보니 개할배 마인드던데      ,KT
강백호 문제는 이강철 스타일 때문에 발생한거기도 함,KT
홍현빈선수는 공격이랑 수비는어떤가요 ,KT
   허경민 응원가  합성 원곡  빅토리 닌자고 ,KT
   팬카페나 커뮤니티 추천 좀 해주세요,KT
왜 데려왔는지 이해안갔는데 의외로 잘한 케이스,KT
하주석 데려가려면 솔직히 얘네밖에 없음,KT
강백호 만약 내년에 이성적 찍고 나오면 ,KT
강백호의          변화추이,KT
성남 야구장은     군이 오겠죠,KT
강백호 수비 출장 보니까 기괴하긴 하네요,KT
미국  일본이 주시한다     설마 또 외인     허무하게 뺏기나   재계약 여부 물었더니,KT
성이 좀 민망했던 야구선수,KT
   장진혁 응원가 제작해보았다,KT
내년에 강백호 인기가 가늠이 안 되는 이유,KT
윤세호   로하스는 오래 함께 하고 싶다는 차원,KT
    년이면 크보에서 제일 낡은 구장은 위팍이 되겠군요,KT
용병으로 유격수 뽑음 딱일듯,KT
박영현 돌    오승환 전성기 돌,KT
    용타고민중 썰도 풀었네요,KT
장진혁    도루  위    ,KT
   이적 장진혁 올해  군   군 성적    ,KT
장진혁 잘 뽑은것 같아요,KT
근데 진짜 로하스 다년계약 쎄게 부른게 맞나보네요,KT
박세웅 프리미어  왔으면  강갔다고하면되지 고영표비교 하는 일부팬이있네요,KT
   장진혁 합성    ,KT
하긴 문상철도 다 늙어서 터졌는데,KT
장진혁은    딱 필요한 자원이긴 합니다 ,KT
소형준이 딱     왕 실력이네요 ,KT
한화 시절 장진혁 끝내기    ,KT
장진혁    에서 이종범한테 많이 배우길 바래여,KT
박영현 공은 지금 더 좋은듯    ,KT
제가 원하던 장진혁이 왔네요,KT
장진혁 지명 이유   김민혁이 아파서 ,KT
대충 선수단 구성 끝난 느낌으로 짜본 내년   인 엔트리,KT
장진혁 입장에선 진짜 마른 하늘에 날벼락 수준일듯,KT
  가 장진혁 뽑을수밖에 없는 이유가,KT
한승주 픽 당시에도 장진혁을 두고 고민    ,KT
천성호 다시 내야 갔으면 좋겠네요,KT
장진혁이 조용호 송민섭 홍현빈 역할 다할듯요,KT
  인 외라 최선의 선택을 한거라 생각합니다 ,KT
  도 장진혁 잘대려왔습니다,KT
김민혁 건강문제 있음,KT
다시보는 케티 야수 평균나이,KT
장진혁 우르크가 심우준 배정대보다 높네요,KT
이렇게된거    팬분들 장진혁 선수 잘 부탁드립니다 ,KT
장진혁선수 응원많이하고 잘 부탁드려요,KT
장진혁은 송민섭만 밀어내주면  인분 한거죠,KT
장진혁을  군서 볼일이 없어야 베스트일듯,KT
타선이 노인정이네요,KT
다른분들은 몰라도 다음시즌 유니폼,KT
장진혁 코너외야는 무난한가요 ,KT
  나 한화나 장진혁이 픽이 나쁘진 않죠,KT
장진혁 하면 생각나는거  ,KT
장진혁 외야백업도 좋고 대주자 활용도 좋죠,KT
장진혁선수 환영합니다 ,KT
강페이 광주일고 수집중인가요 ,KT
한승주 장진혁이면 알차게 뽑았네요,KT
  가 가장 잘 활용하는 포지션 선수를 데려갔네요,KT
이번 엄상백 보상선수는,KT
확실히 뛰는 야구 하겠단 의지가 보이네요,KT
장진혁 옷피셜 완료,KT
  는 이강철 감독 떠난 뒤엔 노인정 세대교체 하느라 애먹겠네요 ,KT
한승주 장진혁 미래와 즉전 전력 뽑아갔네요,KT
공격력은 장진혁  배정대 거의 같네요,KT
장진혁이 올해 이주형이랑 비슷하네요   ,KT
나도현 단장 코멘트,KT
  외야 든든하네요,KT
장진혁 중견 수비 괜찮나요 ,KT
장진혁 검은 유니폼입으면 간지 장난아니겠네요,KT
장진혁   시즌 성적    ,KT
장진혁  군 성적,KT
장진혁   시즌 성적,KT
장진혁 제   외야수 백업으로는 괜찮다고 봄,KT
고영표  이닝 무실점,KT
보상선수 장진혁,KT
애초에,KT
보상선수로 한화팬들이 작성한   인중 기준이면 임종찬,KT
최원태   확정  년 총   억  옵션   억규모 ,KT
저희 엄상백 보상선수 외야수 중 한명이겠죠 ,KT
 박영현 갈릴수록 잘던진다 는 프레임은 진짜 못됐네요 ,KT
저희 외인은 누굴영입할려나요,KT
보상선수 후보 투수 셋 누구였을까요 ,KT
     인 방어 대성공이네요 ,KT
엄상백 보상선수는 내일까지 발표인가요 ,KT
심우준 김영현허경민 한승주,KT
개인적으로 박영현 일본전 투구 궁금했는데,KT
결국 한승주 김영햔 트레이드인데,KT
  는 내야수만 바뀐듯   ,KT
권동진 지킨 거 좋네요,KT
한승주 김영현 맞트레이드라 생각하면,KT
우리도 투수 빅네임 데려올수 있을라나,KT
만약 엘리아스 보류권 풀리면 우리가 데려올 가능성은  ,KT
허경민 보상선수 투수쪽이라네요,KT
근데 이영하는 왜 뽑힌거에요  ,KT
허경민 보상선수 내일결정한다네요,KT
원중이형   억   현식이형   억   ,KT
우리도 좌완  선발 필요한데   부럽습니다,KT
콜어빈  ,KT
      일 팬 페스티벌 개최  새식구  허경민 오원석도 참석,KT
로하스 다년은 어디까지 줄 수 있다고 보시나요 ,KT
엄상백 보상선수 야수 가능성이 높나보네요,KT
강백호의 포수 성적,KT
엄상백보상선수 야수픽 가능성있대요,KT
허경민 보상선수   인,KT
고영표가 올해 평자가 떡상한 이유가 뭘까요 ,KT
국대 마무리 박영현의 미친 구위    ,KT
위대한도 잘 보살펴서 사람만들었었르면,SSG
엘지 스카우터 교체썰이라니  ,SSG
역대 창원   전 직관성적,SSG
컴프야        박민호 선수를 넣기로 결정했습니다 ,SSG
미치 화이트      년 메이저리그 최고 구속은     마일        싱커 평균 구속은   마일         앤더슨과 비슷한 구속으로 상대를 압박할 수 있는 유형의 선수,SSG
역대급       듀오  개봉박두  시너지 효과도 기대       강 판도 바꿔 놓을까,SSG
하현승 좌완등번호도   번 체격이 김광현 고딩때 느낌나네요,SSG
내년에 보고싶은거 한가지,SSG
부산고 야구부에는 추신수관이 있군요   ,SSG
       최대희망회로노선 이러면 우승   퍼가능   ,SSG
   와이번스 초대 감독 시절의 강병철 감독,SSG
정준재 박지환 잘 커주면,SSG
   가 김혜성 트레이드로 데려올려면 어떤 카드를 줘야할까요 ,SSG
박성한   는 무조건  년   억 이상이죠,SSG
이용찬,SSG
하남자 특,SSG
이만수 정상호  루수기용도 있었죠    정규시즌때,SSG
고효준은 어느팀으로 갈까요 ,SSG
쓱   시즌 희망편    ,SSG
요몇년   시장이 굉장히 중요해보임,SSG
김성욱 이용찬 둘 다 영입 가능할까요 ,SSG
최영필도 첨영입했을때 쏠쏠했는데 이만수가 하도굴려대더니 방출됬지요,SSG
염경엽  이숭용 땜에 이만수의 만행을 까먹었었네요,SSG
 한화  류현진 송은범 아시안게임 썰     ,SSG
와  김도아 최고네요 ,SSG
김광현 마무리때매 불타던거 생각나네요,SSG
골든글러브에 수비상까지 받은 유격수를 중견수 얘기가 나오는게 참,SSG
신인시절부터 패기가 남달라서 선배들한테 귓방맹이 맞은적도 있다는 정근우 신인시절 패기    ,SSG
      인 예상명단,SSG
근데 저렇게 불펜 나이에 초연할거면,SSG
        리그 외국인 선수 스카우팅 리포트       랜더스 미치 화이트,SSG
쓱에서 아픈손가락,SSG
최정인줄,SSG
 년만에 팀연봉    억정도 줄었네요     ,SSG
  년전 서로 빈볼을 주고 받았던   와 넥센,SSG
김원형이 다시 지도자로 온다면 어느팀으로 갈까요 ,SSG
냉정하게 지금까지보면 문박섬 중 잡을 사람 문승원 하나,SSG
김명완 시절의 신승현,SSG
로터리픽 도입하면 되는거 아닌가요 ,SSG
이팀 샐캡 관리는 참 잘했네요,SSG
셀캡 생각보다 여유있네요,SSG
   가 홈개막을 양보해준다면 어떤가요 ,SSG
뇌절의 뇌절을 거듭한 행복회로 과다분출 내년 순위 예상 ,SSG
김광현을 타자랑 비교하면 어느정도 티어에 놓이나요   ,SSG
 기아  김광현    위즈덤 소소한 맞대결 기록  ,SSG
퍼펙트 앞두고 기습번트    ,SSG
청라돔 최근사진입니다,SSG
쓱 정도면 서건창에 관심가질만 하지않나요 ,SSG
류지혁 계약 우리 팀으로 치면 오태곤 때랑 비슷한듯,SSG
류지혁은 랜더스 오태곤이랑 닮은듯,SSG
우리팀 최고 용병은,SSG
그나저나 문학은 어영부영 결국 장외홈런 사이클링히트가 없는,SSG
황대인 트레이드 어떨까요 ,SSG
조형우 타격폼바꿨나보네요,SSG
타팀인데        거쳐 최고의 타자 용병은 누구인가요 ,SSG
우리도 진심 똥파워용병이 있었습니다,SSG
전 그냥 박성한 박찬호 다시 생각해보니,SSG
위대한의    선수시절 인터뷰      ,SSG
국대 이겨야하니 박성한 데려가고  ,SSG
 달전에 받았던 정근우 싸인볼,SSG
김동주이랑 최정 타자로는 김동주가 우위 ,SSG
최정 선수  차   가  년 이었으면  차   도 했을까요   ,SSG
    년 박경완 결혼식    ,SSG
박성한 성격상 팀 바꾸기보다,SSG
박성한 인터뷰를 지금 봤는데,SSG
박성한 설마    이적하면  ,SSG
박성한 골든글러브,SSG
그래도 국대에서 좋은 모습 보여줘서,SSG
기자들 바뷰,SSG
홈폭,SSG
박성한도 받을만했고 박찬호도 받을만했죠,SSG
키움팬으로써 박성한  ,SSG
이미 벌어진 일이고,SSG
오히려 박성한보다 에레디아가 더 박빙이었네요,SSG
박성환 골글 코멘트,SSG
이렇게 되니 무리해서 복귀 시킨게 아쉽네요,SSG
박찬호 투표중에 코리안특급 박찬호 영향 몇표 있겠죠  ,SSG
팬이라는게 먼저 나서서 정배드립치면서 박찬호 외치던게,SSG
     타격왕과 홈런왕 모두가 골글을 못 받다니    ,SSG
이 가정에 반박이 안되면 걍 강탈이 맞다고 봅니다,SSG
여기서 두팀 팬들이 붙어서 뭐하나요  다 기자들 때문인데,SSG
도루실패 따지는건 생전 처음보네요         ,SSG
엠팤은 차단 숫자 제한 없죠 ,SSG
긍정적으로 보면 스토리 쌓기죠,SSG
어차피 박성한은 젊고 기회는 많습니다 ,SSG
이번엔 성적 차이가 애매하죠,SSG
박성한 누가보면 평화왕급 성적낸 줄 알겠네   ,SSG
혹시나 했는데 역시나,SSG
투표인증에 박성한 많아서 내심 기대했는데,SSG
성한이 역시 못받았네요  ,SSG
뭐 맡겨논거 찾아가는 수준도 아니라   ,SSG
근데    는 인기팀이에요 비인기팀이에요  ,SSG
김도영 레이예스는 받을만 했는데,SSG
그냥 그려려니 싶네요,SSG
이번 골든글러브 제일 아쉬운 팬들은     팬들일듯요,SSG
좀 징징거리면 안돼요 ,SSG
징징 좀 대면 안돼나요,SSG
성한아 미안하다 팀이 비인기라서   ,SSG
비인기팀인게 죄인거죠 뭐,SSG
국대는 실력으로 박성한이가고,SSG
기아가  등이였어도 박찬호가 골글일걸요,SSG
기자들 투표한것만봐도 부끄러운지는 아는거죠,SSG
김재환 최형우 박성한 박찬호 강탈급이다    아니다,SSG
진짜 우승 프리미엄이 존재하면   골글도    가 많이 받았겠죠   ,SSG
하트 골글 축하     그나마 살짝 정의구현 한 느낌입니다    ,SSG
공개한 이들은 박성한인데 공개할수 없는 표인가요   ,SSG
결국   년도 제일 잘한 유격수는 박성한이죠,SSG
투수 골글 하트 안나오면 진짜 볼만 하겠네요      ,SSG
박성한이 무슨생각할지 궁금하네요,SSG
기자단에 기아팬이 많으니 뭐 어쩔 수 있나요  ,SSG
비인기팀 선수가 죄죠,SSG
성한아 팀이 인기가 없어 미안타 ,SSG
푸하하하,SSG
우승프리미엄이있었으면   최정 한동민이 골글받았죠,SSG
골글 선수단 투표를 한    로 만들면 좋겠음,SSG
박성한 국대 성적 아니었으면 표차이 얼마나 났을지,SSG
 루수 김선빈  위 보고 박찬호 될거라고 확신 했음    ,SSG
박성한 골근 글러브 강탈       ,SSG
표 비슷하지도않네요,SSG
내년에 더잘하자  ,SSG
강탈이네요 이건,SSG
항상말하지만 우승프리미엄이 아니라,SSG
우승버프보단 인기팀버프가 진짜 쎄요 이게   ,SSG
박성한이 골글받으려면  할   홈은 치던지 아니면,SSG
김선빈 표수 보니 우리 국유박 진짜 불안한데요    ,SSG
이러면 박찬호 거의 확정이겠네요,SSG
최유리가 딱    년전 권진아 테크타는 중이라고 보면됩니다,SSG
와 에레디아 로하스  표차    ,SSG
현재 시점으로     년 프로야구 병역비리 연루 된 선수들 중 유일한 현역,SSG
울해 유격수 부문 골든글러브 수상자 사진 ,SSG
    역대 포지션별 골든글러브 수상자 명단 라인업    ,SSG
내년 감독 경질 될까요 ,SSG
우리팀골글,SSG
설마 우리팀 골글,SSG
와 김광현   년도 두산전           ,SSG
대체적으로    는 팀    순위보다 높은 순위를 기록하고 있는데,SSG
진갑용 전에 있었던 유희관의 투구에 화를 낸 야구선수,SSG
방출 된 후배 달래주고 있었는데 본인도 방출 통보 받아서 같은 처지 된 야구선수,SSG
고효준이     년생들과도 친구네요 ,SSG
우리팀은 결혼하는 선수없나보네요,SSG
    년 김광현 마지막 한 달 성적      ,SSG
  급  이니까 당연히 허들이 높아야 한다고 봅니다 ,SSG
강민호 선수가  급 반열은 아니죠    ,SSG
댓글들 보면 역겹게 긁는 사람들 많네,SSG
김광현은 뭔가 만화 주인공 같음,SSG
올해도 작년도 드래프트 매번 투수타령 해왔는데,SSG
김광현도 은퇴 시기를 좀 생각하는것같네요,SSG
투수 몰빵 발상의 전환,SSG
청라돔은 너무 빨리 올라가서 걱정이네요,SSG
김광현은 윤석민한테 존댓말하네요,SSG
인천팜 투수몰빵했으면,SSG
김광현은     이닝 넘긴거 모르네요,SSG
김광현이  그 별명 이 생긴 이유,SSG
김광현도 형들이랑 있으니까 예전 그 막내미가 나오네요,SSG
    윤석민 최정이랑 서로 불편한 사이 이유,SSG
실제로 가능했던 류윤김 한팀     윤     류     김광현,SSG
어느 놈이냐,SSG
    정준재  나만의 장점 만들면  키는 문제가 되지 않을 것 ,SSG
  월  일자 청라돔 근황    ,SSG
내년 개막전     선발 미치 화이트 예상,SSG
내년에  군 감독 없이 갈 수도 있다네요,SSG
우리는 이제 스토브리그 종료인가요 ,SSG
  년전과 현재           ,SSG
김원형 감독 따님 사진,SSG
미치화이트는 메디컬 후 계약이였던가요 ,SSG
   팬분들은,SSG
저희  ,SSG
이번   시장에서도 최고의 혜자는 최정  ,SSG
김강민 한화간거 루즈루즈 맞죠 ,SSG
내년 선발진은 이닝이 걱정이네요,SSG
쓱은 매번 저평가,SSG
김광현 포스팅 실패 이후 한 팬의 댓글     ,SSG
만약에 김성욱이 온다면,SSG
정세영 피셜  고효준 쉽지 않아보인다,SSG
진짜 말그대로 먹고만 튄 먹튀 용병,SSG
아쉽네요   ,SSG
김강민  외야 수비 메뉴얼 만드려고 대학원간다 ,SSG
최원태  년   억에 옵션도 껴있는거면 삼성이 나름 잘 데려온거 맞죠 ,SSG
김강민 앞으로 계획,SSG
청라돔 공사사진,SSG
내년 야구 개막      으로    일 깨지기 직전,SSG
내년     우승하려면 감독 뻘짓 억제기 필요한데 어떻게 감독 뻘짓을 억제 해야할까요 ,SSG
    김광현 문승원만 부활하면  선발까지 최강,SSG
김성근 감독 이전의    와이번스는 어떤 팀이었나요 ,SSG
심판에게 법규를 외친 야구선수,SSG
최정    먹튀 소리 듣던 시절          ,SSG
쓱 비상이네요     김도아 치어 대만행  ,SSG
이로운은 관리가 필요하긴 하죠 ,SSG
김강민 정용진한테 감사,SSG
내후년 유망주 풀이 진짜 좋다던데   ,SSG
고효준은   왕조모임에 못끼는게 아쉬울듯요 ,SSG
추신수 선수  김강민 선수가 올해 은퇴 함에 따라,SSG
저희팀  군 감독 소식 있나요   ,SSG
정근우 인스타         멤버 ,SSG
필승조 다양성이 떨어지지 않나요 ,SSG
스트존 조정에 박종훈 설레나요,SSG
내년에 조병현 이로운은 더 혹사 당하겠죠  ,SSG
거의 볼 수 없는 국내선발 완벽하게 돌아갔던 팀,SSG
오랜만에 쓱튜브 봤는데 왜 이리 재밌죠 ,SSG
박경완 코치는,SSG
만장일치 원하는건 이해는 감 근데 안되었다고 난리 치는건 이상한거죠,SSG
오늘   왕조모임 사진,SSG
천천히 세대교체중인 랜더스의 야수진    ,SSG
팩트   최정    강탈에는 비할바도 아님,SSG
       최정이  위표도 못받았을 때도 난리좀 쳐주시지,SSG
    포지션별 골든글러브 수상자,SSG
저게 무슨 상인지도 몰랐음  ,SSG
최근 몇년간 저 상으로 이렇게 불탔던 적이 있나요 ,SSG
만장일치에 과몰입하는게 이해안가네요,SSG
벌써부터 박성한대신 박찬호 받아도 별말 안해야한다는 기아팬들 쏟아지네요,SSG
이종범 욕한적 없음 박찬호도 받을만하다 생각함,SSG
그래도 오늘일 덕분에 박찬호 골글 받아도 욕할사람 없겠네요,SSG
골글 앞두고 밑밥 까려는거죠 뭐,SSG
유 머  김광현이 김도영 안뽑은 이유   ,SSG
이래놓고 담주에 유격수 골글로 불탈거 생각하니,SSG
근데 김광현이 열등감 생길 급의 선수가 아니지 않나요 ,SSG
도영이는 남들이 많이 뽑아주니까  하고 했겠죠,SSG
김광현 선수 고달플 일만 남았네요,SSG
조병현 진짜 잘생겼네요    ,SSG
김광현 김영웅 상대전적보면,SSG
투표하나 여론과 다르게했다고 김광현 쌍욕먹네요   ,SSG
노경은    갑자기 가발아녀    ,SSG
기자들이 투표 이상하게 하면 온갖 욕은 다하면서,SSG
투표하는거에 삼성이 제일 위에 있어서        찍었나 부죠,SSG
 제가 골글 못타도  진심으로 축하해주러 가요  국대 유격수는 시상식 참석 준비한다,SSG
저는 손호영보다 김광현이 더 짜치네요,SSG
  년생 아재 근육,SSG
카리나 신세계의 크리스마스 산타 모델 발탁,SSG
마흔에 첫 홀드왕   마흔다섯까지 뛰겠다 ,SSG
앤더슨 화이트 조합은 성공할 가능성이 높다고 보여집니다,SSG
오지환이 꼽은 수비 잘하는 내야수,SSG
최두영기자의 골글 생각,SSG
김광현  추신수 이어     새 주장 선임   팀을 위해 소통하고 헌신하겠다 ,SSG
고졸 우타자 첫해     박지환 역대       위,SSG
김민식 형님은 경기 잘 나오시나요 ,SSG
추신수는 이치로 아니었으면 몇년도에 콜업됐을까요 ,SSG
    시즌     개막전 상대는 누구 ,SSG
준재   년 목표   할   도루,SSG
선발투수가 주장한적이 있나요 ,SSG
투수 주장 나왔네요,SSG
광팔이형 올해 주장하나봐요,SSG
   와이번스 이지영,SSG
김광현 미국에서만 보던 특유의 공,SSG
김광현     커리어 최정점 투구     ,SSG
김광현 통산 홈 원정 스플릿       ,SSG
저도 쓱팬인데 불안하네요  ,SSG
벌써   월이고 야구 개막      인 경우,SSG
김강민 본인 송년회 피셜 김강민 은퇴식 문학 한화전에서 개최 예정,SSG
 김태우 기사      년    의  선발 경쟁에 당당히 도전장을 내민 정동윤,SSG
우리팀이지만 틀드할 자원은 없긴하죠,SSG
야구    신세계 마케팅 진짜 뭐죠  ,SSG
   팬입장에서 김강민 은퇴유니폼이    가 아닌게 한이 되나요 ,SSG
진짜 후라도 가지고   게 징징거리네  ,SSG
방출 선수,SSG
유머 공기 하다가 야구 인생이 끝나버린 하남자 최지훈,SSG
남정내 둘과 피디들의 명승부,SSG
정세영   전통적으로    는 트레이드 제안을 못받음,SSG
    마무리로 우뚝 조병현  내년   세이브    탈삼진 목표 ,SSG
신인드래프트에서  라운드  순위 문서준     가능성 있나요 ,SSG
응원단장 능력이 있는 편인가요,SSG
 데뷔 첫    정조준  박성한  선수라면 욕심 있는 타이틀 누구나 다 받고 싶죠 ,SSG
또 타이밍맞게 수도권팀들은 다 외인투수 계약했네요,SSG
나경민은 현장에서만 아는 뭔가가 있는 듯   ,SSG
내년 라인업 희망편,SSG
      시즌  용타시절,SSG
내년 이 라인업어떤가요  리빌딩목적 탱킹,SSG
다들 강한 번 한유섬 어떻게 생각해요 ,SSG
제가 감독이라면 할     타순,SSG
한유섬은 몇번이 적당한가요     번타자중,SSG
전 그래도 에레디아 잘 잡았다고 봐요,SSG
왕조시절 김광현 짤털      ,SSG
양현종이 김광현 넘었나요 ,SSG
나경민코치 영입,SSG
나경민 영입     ,SSG
우승 노리는 건 좀 오바겠죠 ,SSG
에레디아는 주자가 없어서 그렇지,SSG
현대시절    팬 해태팬 들에게 물병    원 동전  맥주캔으로 맞은 박재홍,SSG
골든글러브는  개인상 인데  계속된  우승 프리미엄  부각  화살은 선수에게 돌아갈 뿐이다,SSG
에러디아    만준게 아까운금액인가요 ,SSG
에레디아   ,SSG
박성한 골글이 쉽지 않은 이유,SSG
꼭 박찬호가 골글받아서,SSG
여기도 선발 급하지 않나요 ,SSG
박성한 골글 못타고 박찬호가 받으면,SSG
꿈속에서 박성한 트레이드,SSG
외투 다 계약한게 아쉬울정도네요,SSG
걍 골글 찬호 줍시다,SSG
이때   투수는 지금이랑 다르게 엄청 편안하게 잘 막았나요 ,SSG
유격수 골글은 꽤 차이 날 거 같습니다,SSG
      국가대표 유격수  박성한  골든글러브 너무 원해요 ,SSG
정준재 응원가 제작해보았다 ,SSG
    년 김광현 막판에 이틀인가  일 쉬고 등판기회 있었던걸로 기억하는데,SSG
신세계 인스타 현황,SSG
전력이 좋지도않은데 셀캡에 시달리는게 참 짜증나네요,SSG
 선발 박종훈 부활 가능성 있을까요 ,SSG
박시후 마캠출발날 종료날 비교   ,SSG
박시후는 못본 사이에 산적이 됐네요,SSG
격전지 박성한    박찬호 김재환    최형우,SSG
    고효준   구 피칭  최고       기록,SSG
여기는 팬페스트 행사 같은 이벤트 안 하나요 ,SSG
 한화 내년에 뭔가 한화랑 같이 가을포시갈느낌,LOTTE
유강남 내년에는 세 번째 타석에서 교체되는 일 없겠죠 ,LOTTE
 선발 얘기나 해봅시다   ,LOTTE
나승엽 장타율 올리는게 큰 문제가 아닌 이유,LOTTE
주관적인 윤고나황 특징,LOTTE
전지훈련 어디라 했었죠 ,LOTTE
롯데 암흑기 시절 사직 야구장은 공포 그 자체였네요  ,LOTTE
나승엽 첫 풀시즌이 홍창기 첫 풀시즌 출루율이 같네요,LOTTE
전준우는 영결 어려운가요 ,LOTTE
이대호   이게 마  그 마  동래아들 아이가 ,LOTTE
전준우가 내년이   살 시즌이네요,LOTTE
단언컨데 역대 최악의 보상픽,LOTTE
홈런 개수 예측 가능한 영역입니까,LOTTE
내년에    가 조금 내려 가는데,LOTTE
근데 노진혁 내년에  군에서 뛸라나요 ,LOTTE
롯데가 절대 뺏기지 않는  위자리,LOTTE
수비 운 없는 롯데 투수들,LOTTE
성민규보다 김풍철이 실적은 더 나은것같은데,LOTTE
백성진 스카우트 팀장 롯데행 기원  일차,LOTTE
김풍철은 안목이 개선 된 것 같나요 ,LOTTE
롯데 최근   년간 캡틴,LOTTE
   백성진 팀장 롯데오면 대박인가요 ,LOTTE
외부 영입 어려운 롯데   고액 연봉자  반등이 절실해,LOTTE
서준원이 만약 자진신고했으면 안고 갔을까요 ,LOTTE
순간 이강준 선수도     가는 줄 알았네요,LOTTE
내년 주장감들 목록,LOTTE
내년시즌 주장 김상수 어때요,LOTTE
여긴 지명권을 되게 고평가하는 느낌이더군요,LOTTE
확실한 주전 타선 커진 팜,LOTTE
지명 이유 레전드,LOTTE
정철원 제발 잘하겟져 ,LOTTE
이대호  롯데 우승 못하는 이유  강민호 손아섭 뺏기면 안 됐다  소신발언,LOTTE
우리팀은 틀드 시도할거면 김혜성이 아니라 조상우때 했어야,LOTTE
김혜성 데려오면 샐캡 터지나요 ,LOTTE
여기는 망상가들 혹은 게임유저들 뿐인가요 ,LOTTE
김혜성 오면 샐러리캡 터진거 아님 ,LOTTE
롯데에 김혜성 오면  강후보로 넣어주나요    ,LOTTE
김혜성 데려올수 있으면 포지션 어떻게 정리할까요 ,LOTTE
김혜성 트레이드 한다고 해도 우리는 내줄 선수도 없지 않나요,LOTTE
내년 롯데에서 대기록 하나 나오겠네요,LOTTE
김혜성이 남으면 키움은 머리가 깨질듯  ,LOTTE
김혜성 살수만 잇으면 그깟수비죠     박승욱이 김혜성만큼 치면,LOTTE
김혜성 멀티 포지션 가능 한가요 ,LOTTE
김혜성 유격은 어떤가요 ,LOTTE
김혜성 박찬호 영입 고승민 외야전향 찬성하십니까,LOTTE
내년에 퐈 좀 영입하겠네요,LOTTE
유격수 변수 생긴 구단 롯데는 아닐거 같습니다 ,LOTTE
내야수 안우진  외야수 소한빈 오늘 입대,LOTTE
김도규 결혼  와이프 영양사님 ,LOTTE
송신영이 롯데랑도 벤치클리어링이 있었네요 ,LOTTE
오늘 김주찬 결혼식 하객들    ,LOTTE
김도규 선수랑 롯데 영양사분 오늘 결혼했다는데 맞나요 ,LOTTE
주요선수   시즌 연봉,LOTTE
최근 몇년간 롯데야구 보면서 가장 설레던순간    ,LOTTE
    시즌 투수진 긍정적인 부분,LOTTE
김진욱은 스플리터로 우상바 해결이 과제네요,LOTTE
터커 데이비슨 그래도 올해 메이저  이닝 무실점 이네요,LOTTE
데이비슨 스타일 바뀐게 더 좋은거 같은데  ,LOTTE
내년시즌 선발진은 어떻게 되나요,LOTTE
이창섭 위원 말대로면 데이비슨,LOTTE
윤고나황손 올해 연봉,LOTTE
갓혜성 영입시 라인업,LOTTE
김혜성    억이면 잡을수 있을까요 ,LOTTE
김진욱 고교시절 평가,LOTTE
김혜성선수 유격수도 가능한가요 ,LOTTE
만약에 김혜성 그냥 돌아오면 내년  시장 백호랑 투톱이겠죠 ,LOTTE
고질적 부상 부진 등번호 변경 수술까지 시련 딛고  미소  되찾을까  부활 꿈꾸는 최준용,LOTTE
롯데  국대 좌완      시즌 배수진 쳤다  상무 입대도 취소  한번 해보겠다는 생각  잠재력 터지나,LOTTE
찐동희  군대 가있는 한동희 선수는  루를 계속 볼 수 있나요 ,LOTTE
부울경 이라고 말할때 경이 어디져 ,LOTTE
전준우가 올해  차   였다면 얼마였을까요 ,LOTTE
그럼 지금 기준으로 보면 유강남  차 적정 금액 얼마인가요 ,LOTTE
롯데는 웃긴게 강민호 보낸 금액이랑 유강남 영입 가격이 똑같네요   ,LOTTE
근데 롯팬분들은 내년 박찬호 영입 찬성인가요 ,LOTTE
유강남은 얼마가 진짜 적정금액이었을까요 ,LOTTE
박승욱    등급 관련,LOTTE
박찬호는  파전 예상합니다,LOTTE
손호영 연봉 얼마 오를까요 ,LOTTE
김주찬이 오늘 결혼하네요 ,LOTTE
내년에 이영하  홍건희 둘 다 오퍼해봤으면,LOTTE
실황 프로야구 롯데 올드 유니폼    ,LOTTE
데이비슨 팔각도가 높네요,LOTTE
이대호 욕하는팬들 특징,LOTTE
    시즌  군 예상 엔트리  박찬호 영입할시 ,LOTTE
이대호 소신발언,LOTTE
이건 무슨 사건있었나요  ,LOTTE
부울경 일대 롯데건설 조업 대규모 중단,LOTTE
롯데 신인 김태균 선수는,LOTTE
스탯티즈 수비   은 진짜 믿을게 못되네요,LOTTE
야구에 만약은 없지만  워크에씩 좋은  손민한은 어떤 모습이었을지는 궁금합니다 ,LOTTE
은근 포수 사관학교,LOTTE
올시즌 기아는 대체 왜 강했던건가요 ,LOTTE
롯데 대표적 체중관리 못하는  인,LOTTE
여러분 카리나 신인상 받음,LOTTE
전민재는    까지 해마다         이상만 해줘도,LOTTE
최근 롯데 트레이드영입 명단 심재민 손호영 정철원 전민재 진해수,LOTTE
사직야구장 담장 공사 완료,LOTTE
    년 섹션   연예통신에 출연했던 홍성흔 ,LOTTE
롯데     년 샐러리캡 관련,LOTTE
내년시즌 불펜 박시영 나균안 한현희 최준용 정철원 구승민 김상수 김원중,LOTTE
홍성흔    최준석 팬서비스 일화    ,LOTTE
시즌전 틀드 하나 더 나올까요   ,LOTTE
이창섭 기자 터커 데이비슨 평가 영상,LOTTE
이러나 저러나 팀 최고 불펜    ,LOTTE
내년 프로야구 지상파 중계 예상해봅니다,LOTTE
내가 작년에 김도영 해맬때 구승민만 주면 댈구올수 있다고,LOTTE
강민호 롯데 있을때 갈마 아재들에게 받던 대접    ,LOTTE
같은 팀 두 선수 가지고 싸우는 예가 과거 또 어떤 게 있었나요 ,LOTTE
박찬호늘 웬지 롯데가 통크게 지를듯,LOTTE
타율을 올리는 방법은 간단  이대호 ,LOTTE
이번에 상무는 누가 신청할려나요,LOTTE
  할 리  타자의 잠재력 캐치한 롯데  트레이드로      점대 투수도 살릴까,LOTTE
    년 투망주를 키워보자       전미르,LOTTE
조상우 틀드보니,LOTTE
 롯데 레전드  이대호  롯데 왜 우승 못하냐고요     투자할때 제대로 해야죠  진심 조언,LOTTE
사직 야구장 없애고 그자리에 신축구장 짓는게 최고 아닌가요 ,LOTTE
롯데가 우승못한이유중 하나 감독에 대한 투자,LOTTE
재작년 엘지  올해 기아 그러면 내년 시즌은 ,LOTTE
    시즌후 외부    가능한 이유,LOTTE
한현희 연봉 질문,LOTTE
조정훈 별명이,LOTTE
이동거리 아쉽네요,LOTTE
내년 몇위 예상하나요,LOTTE
올 한해 야구를 어느 해보다 재밌었고 희망도 보았습니다 ,LOTTE
유강남이랑 한현희라도 어떻게든 잘 활용하는게,LOTTE
롯데는 진짜 강민호 놓친게 뼈아프네요,LOTTE
이윤원이나 성민규나 거기서 거기죠,LOTTE
이대호   우승못한 이유는 선수투자 관리 실패다 ,LOTTE
  시즌 팀별 이동거리,LOTTE
박찬호 영입할시 라인업    시즌 ,LOTTE
이대호 피셜  롯데 우승 못하는 이유는,LOTTE
롯팬 오늘 결혼합니다 ,LOTTE
유강남 닮은꼴,LOTTE
부산 롯팬님들 개막전 많이 오시나요 ,LOTTE
불과    억에 전력의    를 책임졌다 연봉 대박 확실한  윤고나황손   전원 억대 연봉 찍을까,LOTTE
박재홍 좋아했는데요,LOTTE
이러니 안치홍 못 잡았지  샐캡  여유 없는 롯데  당분간 외부    더 어렵다,LOTTE
비거리를 위해서는 공의 밑을 쳐야한다 ,LOTTE
유강남은     도입되면서 글러브 바꿨나보네요,LOTTE
롯데우승 응원하는 박재홍 ,LOTTE
박재홍   롯데 는  년안에 우승에 도전해야 한다   ,LOTTE
펌  유강남 최신 근황,LOTTE
개막 예상   인 엔트리,LOTTE
내년엔 순위 좀 오르길,LOTTE
한현희    질문,LOTTE
리핏을 위해 기아가 넘어야 하는 마지막 산,LOTTE
나이 서른에 첫번째  꿈  이뤘다  구단에 무한 감사  부산의  루수   거포 로 성장할까,LOTTE
이대호 선수 은퇴식 방송을 못 봤는데    책을 읽고 있지요 ,LOTTE
잡지 모델 표지 김원중    김원중,LOTTE
일단 내년 저희는 지상파 중계 이네요,LOTTE
샐캡 상한까지  억    만원  심우준도 최원태도  롯데가 외부   에 접근조차 못한 이유  샐캡 증액해도 여유없다,LOTTE
롯데 내년 개막전 라인업에서,LOTTE
 강 한자리 놓고 두산 한화    를 넘어야하는데,LOTTE
  시즌 한화  위봅니다,LOTTE
내년 기삼엘  강에  자리 놓고 피터지겠네요,LOTTE
진짜 만만한팀 하나없네요  ,LOTTE
개막부터 엘꼴이라    ,LOTTE
키움 단장님 우진이는 누굴줘야 할까요 ,LOTTE
내년 개막전에서 엘지랑  연전 내내 올해    대첩같은 일이 발생한다면 ,LOTTE
어린이날 월요일인데 경기하네요  ,LOTTE
   상대 필승 라인업     상대전적 ,LOTTE
개막전 잠실 라인업 예측,LOTTE
     정규시즌 일정표,LOTTE
롯데  월    월 선발 맞대결 예상,LOTTE
개막  연전 반즈  데이비슨으로 가죠,LOTTE
엘지형님들 우리 올브 끝나고 잠실  연전이네요   ,LOTTE
개막전   라서 그나마 다행인점,LOTTE
개막전    퍼 매진이겠죠  ,LOTTE
개막전부터 엘지 장현식 롯데 정철원,LOTTE
이제 유강남한테   억짜리 가치 바라진 않습니다,LOTTE
유강남 내년에 체중 감량 하면,LOTTE
근데 확실히 기아는 우승을 위해 트레이드 해 오니 겁나 쎄 보이네요,LOTTE
롯데 향후    전략,LOTTE
우리도 안우진데려오자   ,LOTTE
롯데 개막전 라인업,LOTTE
내년이면 강백호 최대로 비딩해도 괜찮지 않을까요 ,LOTTE
오늘 하나 뜨네요,LOTTE
고효준 영입은 어떨지  ,LOTTE
우리팀이 내년  강 턱걸이라도 한다면 박찬호 잡아야 한다고 보는데,LOTTE
유강남 노진혁 한현희 영입 당시 어땠나요 ,LOTTE
가장 부럽고 배아픈 타팀 논란,LOTTE
올해 스토브 보면 김원중 타팀 협상좀 쳤으면,LOTTE
박찬호 비   다년계약만 안되길 바랍니다  롯데팬이라 ,LOTTE
우리팀 선수들 중에 미국으로 훈련보낸선수는없죠 ,LOTTE
한원준  롯 두 크 찬호 가능성 올라감   ,LOTTE
내년    노리는 팀들도 조상우 틀드로 약간의 이득은 있겠네요  ,LOTTE
파토난 트레이드 있으면 썰로 풀리면 좋겠네요,LOTTE
불펜 한명만 더 영입합시다,LOTTE
저희 유니폼에 네이버 로고 들어갈려나요      ,LOTTE
근데 키움이 돈없는거 맞나요 ,LOTTE
내년 박찬호 생각보다 쉽게 영입할 수도 있겠네요,LOTTE
내년 기아 내부    명 다 잡을수 있나요 ,LOTTE
우리가 근데  순번 드랩에 덕수고 김화중 뽑을까요 ,LOTTE
내년에 이강준 자주 상대하겠네요,LOTTE
롯데 추가 트레이드 할까요 ,LOTTE
부러우니깐 드래프트   번째 선수들을 알아보자,LOTTE
신인 김현우 인터뷰 영상 떴네요,LOTTE
뭐 저희는 조상우는 언감생심이고,LOTTE
노진혁 허일네 아카데미 갔네요,LOTTE
김민석 추재현으로 조상우 안됬을까요 ,LOTTE
내년에도 기아는  나 쎄네요,LOTTE
이팀은 조상우 데려오려했었으면,LOTTE
키움의 행보에 대해서 어떻게 생각하시나요 ,LOTTE
 라주고 조상우같은 불펜 데려왔어야하는데,LOTTE
조상우 트레이드 아쉽긴 하네요 ,LOTTE
김원중 계약날 행적    ,LOTTE
기아가 근데 조상우  라  라 현금   억이면,LOTTE
조상우 원하는 구단이 기아 재외 지방구단  개 더 있었다는데,LOTTE
방송대 지식   이대호,LOTTE
우리도 송성문데려오자,LOTTE
키움이 기아에 어느 선수 픽했을지 궁금,LOTTE
아직도 한현희 영입한거 열받네요,LOTTE
키움 이러고도  년안에 가을야구 간다면  ,LOTTE
하영민    김성민 트레이드 시도해봤으면 좋겠네요,LOTTE
심재학 이종열은     임,LOTTE
현금 포함 트레이드가 가능했군요,LOTTE
기아 트레이드 잘한거 아닌가 ,LOTTE
기아라서 가능한 트레이드,LOTTE
키움 김성민,LOTTE
원정경기에서 홈팀 관중석 쪽을 향해 물병을 던진 야구선수,LOTTE
기아 정말 현명한듯   ,LOTTE
솔직히 좋은 자원들이 성장 잘해주고 있다고 생각드는데요,LOTTE
롯데 김민석 추재현 보냈는데도 외야 넘치네,LOTTE
롯데 터커 데이비슨 투구폼,LOTTE
전미르 타자 전향 할까요  안하길 바라지만,LOTTE
문득 데이비슨은 메디컬 괜찮겠죠 ,LOTTE
우리팀 영결컷이 제일 높네요,LOTTE
부상은 타팀도 마찬가지인가요,LOTTE
전미르에 대한 저의 생각,LOTTE
딴 건 모르겠고 내로남불이 웃긴게 여기서도 남의 팀 영결가지고 많이 떠드는데,LOTTE
롯데 주요 타자     시즌 연봉 예측,LOTTE
   증량  출루머신  대활약 끝내 태극마크까지  롯데  천재타자  억대 연봉 진입 눈앞,LOTTE
내년 롯데는 부상관리에 시즌이 달려잇겟네요,LOTTE
솔직히 돈만 있으면 최원태든 누구든 다 살 수 있죠,LOTTE
우담 등글 댓글 전부다 이대호라고 개웃기네,LOTTE
주형광,LOTTE
뒤늦게 보는 야잘알 둘           박용택 유희관,LOTTE
박찬호 선수   억에 되면 쏠쏠한데요,LOTTE
그 최원태 롯데 오퍼한거는 맞을겁니다,LOTTE
롯데  차 드래프트 예상   인 명단,LOTTE
한창 최원태 선수 부산역썰 있었죠  ,LOTTE
박찬호에   억    인 찬성 하시나요 ,LOTTE
안경현    박지철    ,LOTTE
장성호   들은얘기로 롯데가 최원태오퍼 총액이더 높았다  ,LOTTE
    시즌 각 팀 선발진 롯데전 성적,LOTTE
롯데 원클럽 플레이어 리스트  년 이상 ,LOTTE
  년전 안경현    박지철 벤치클리어링 기사    ,LOTTE
한가지 궁금한게 있는데 답해주실 분 계신가요 ,LOTTE
사직구장 국비 반영도 계엄   탄핵 영향,LOTTE
한게에서 오늘의 키움 까이는거 보는 롯데 한화팬 느낌,LOTTE
  년도 롯데  군 투수진,LOTTE
만약 사직야구장 재건축 또 미뤄지면 진짜   ,LOTTE
외국인 데려오는것 보면 롯데는 문제가 많은듯,LOTTE
김원형 롯데 복귀 가능성,LOTTE
이대호 일본갈땐 왜 못잡았나요 ,LOTTE
이대호 전성기는    시절일까요 ,LOTTE
더스틴 니퍼트 영입 가능하다면  ,LOTTE
삼성은 단장이잘하는건가요  ,LOTTE
  박상원이 돌아왔구나,LOTTE
연말까지 롯데 건설현장 올스톱 협력업체 피해 우려,LOTTE
고점 기준 유먼    레일리    반즈,LOTTE
키움에서 오선진 뽑아서 이학주는 어디로 가나요 ,LOTTE
불펜은  년차 부터 터지면 손해,LOTTE
롯데      년 신인 루키도네이션 행사 진행   김태현  앞으로도 꾸준히 사회공헌 활동 참여하고 싶다 ,LOTTE
 난 매년 위기  매순간이 경쟁  무대는 준비됐다  확 바뀐 현실    루타  위  마황에겐 기회,LOTTE
반년 만에 또 진화   국대 외야수  윤동희의 성장에는 끝이 없다      년은 얼마나 더 커져 있을까,LOTTE
롯데   년 엔트리,LOTTE
지명권 트레이드만 안한다면 오프시즌 좋네요,LOTTE
이번 롯데 스토브리그 정리,LOTTE
키움만큼이나 전 단장 돈 안 쓸 때 욕 많이 했는데,LOTTE
한태양    년차  군 성적,LOTTE
샐캡 구김 말고 누군가 질렀으면 샐캡 터지는거 였나요   ,LOTTE
    시즌 희망 라인업,LOTTE
이장석사장님이 첨에 구단만들때 본인 돈은 얼마나 들었나요   ,LOTTE
앞으로  년간 내부    명단,LOTTE
유돈노   시즌 연봉,LOTTE
샐캡보니 우리 진짜 위험했네요,LOTTE
국비 예산 미반영 부산 사직야구장 재건축 또 미뤄지나     ,LOTTE
과연 대호햄의 예상 답변는  ,LOTTE
한태양 슬라이딩 센스        돼장님      ,LOTTE
올해 부진은     때문  달라진  존   포크볼 달인  롯데에 반가운 선물 될까    포커스 ,LOTTE
이럴것 같았다    ,LOTTE
 포스트 이대호  나승엽  국제대회 경험 가장 큰 의미 ,LOTTE
근데 통역사는 그냥 개인사업자에게 아웃소싱 하는건데 머가 문제일까요  ,LOTTE
프 페  레플리카,LOTTE
롯데가 내년 시즌 상반기 성적에 따라,LOTTE
내년 박승욱이 올해처럼 하면 퐈 얼마할까요,LOTTE
데이비슨 기대치,LOTTE
데이비슨,LOTTE
   상대 개막  연전 예상 선발 투수  최근  년 상대전적 ,LOTTE
만약 올해 외국인이 별로였다면 이 선수는 어땠을까요 ,LOTTE
롯데 통역사 채용 공고    ,LOTTE
한현희 인스스   ,LOTTE
  월  일 저녁  시 윤동희 나승엽 출연,LOTTE
강백호 롯데올거같아요,LOTTE
 개막전 선발 또 교체  롯데는 왜 리그  위 투수를 과감히 포기해야 했을까,LOTTE
     개막  달 후 희망타순    ,LOTTE
내년 시즌 전망,LOTTE
유림치어,LOTTE
제일 기대되는 타자  투수를 꼽으시오,LOTTE
한화 선수들 기사 가끔 보면 답답한것들  ,HANWHA
이태양 예능케 이상규한테 밀리네이제    ,HANWHA
모두들 메리크리스마스입니다  이글스티비덕에 행복했네요,HANWHA
평균의 사나이    ,HANWHA
이글스티비 머라요 캐리                                   초저예산 패러디 뮤비,HANWHA
채은성이 먹튀냐 아니냐는 그냥 숫자만 보면 됩니다 ,HANWHA
선수단 연봉계약은 언제 완료되나요 ,HANWHA
역대 한화    망한 사례,HANWHA
 년뒤 한화 주전 라인업에 들어가야 될 선수들,HANWHA
   채은성은 걍 지가 못한거 아닌가요 ,HANWHA
채은성은 먹튀라고 욕하는게 잘못된거죠   ,HANWHA
롯데전  이닝 퍼펙트  김도영  구 삼진  커리어 하이  승 올렸는데 한화    좌완은 웃지 못했다  전강후약 ,HANWHA
채은성 남은  년 못하면 폭망은 맞는듯,HANWHA
한화   는 대박은없지만 신기하게 폭망도없음,HANWHA
여기에 황준서 합성 보태주실 분,HANWHA
 한화  두산 한화로 트레이드 되었을 때의 이도형,HANWHA
플로리얼 수비 한국에서 누구급일까요,HANWHA
나이저 모건 평가,HANWHA
심우준 통산 도루 성공률     ,HANWHA
백성진 팀장정도면 차기단장으로도 괜찮다보는데,HANWHA
 한화 가서 내 건 열심히 잡지 마       년 원클럽맨  년   억 대전행  절친 향한 천재타자의 당부,HANWHA
양키스 최고 유망주 왔다  더 치열해진 한화 외야 경쟁   홈런 타자도 있다  주전 목표  꼭 가을야구 ,HANWHA
    년 플로리얼 타격모음,HANWHA
 루 백업은 이도윤도 꽤 하는걸로 알고 있는디,HANWHA
근데 왜  루 김태연  우익수 채은성을 안 하는거에요 ,HANWHA
 픽 픽다운 트레이드 하면 어느정도 가치일까요 ,HANWHA
한승혁 결혼 사진,HANWHA
 루 황영묵  유격 이도윤   루 문현빈    백업으로 치면 아주 좋은선수들,HANWHA
황영묵  루수 채은성 지명타자  루수 활용계획,HANWHA
박준영은 뭐하고 있나요 ,HANWHA
포크볼이 팔꿈치에 무리  ,HANWHA
외인선수들 실력하고 팀타격이 좋아야죠,HANWHA
한화는 내년도 솔직히 용병에 달려있다 보는,HANWHA
야구부장   폰세의 내구성에 대해 팀내에서는 선을 긋고 있고 플로리얼은 데이비슨처럼 컨택률이 높아질수 있다고 판단하는 중,HANWHA
올해 회장님이 야구장  번 방문했던데,HANWHA
아니 그래도  가을 안정권  평가는 진짜 아니지    ,HANWHA
타팀 단장들이 보는 한화 ,HANWHA
김성욱 싸트 관심 없음,HANWHA
  인 짜보니 중복 자원 복권끼리 틀드라도 해봤으면 하네요,HANWHA
  시즌 한화 예상 라인업,HANWHA
문현빈 선수는 고승민 보는거 같네요 ,HANWHA
정민철은 류현진이 안 뛰는 사람이라고 말하는데,HANWHA
야구부장 라이브휴무 한화 롯데 관련 영상 촬영,HANWHA
혜성아 중견수 되니 ,HANWHA
유망주 향한 류현진의 조언  구속보다 제구가 중요 자신 있게 던져라 ,HANWHA
근데 하주석  차드랲으로 나갈만 하지 않나 ,HANWHA
하주석은 한화랑 싼값에 계약할듯 하네요,HANWHA
    년대 초반 레전드들 중에서 제일 나오기 힘든 유형의 타자,HANWHA
 닮아도 너무 닮았다       직전  음주 논란 부상  프렌차이즈  결국 원소속팀 재계약만이 희망인가,HANWHA
저 근데 한화는    입단식 같은거 안하나요,HANWHA
 년쓰려고 문현빈  라운드  로 김혜성 틀드하면  아깝지 않으세요 ,HANWHA
한화 굿즈판매 수익 상승률     ,HANWHA
만약 김태균 현역복귀하면,HANWHA
김혜성은 쳐다도 보지 않는걸로 ,HANWHA
오히려  루 자원이 많으니 김혜성 노리기 더 좋은거 아닌가요 ,HANWHA
김혜성이면  루자리 당장내놔야죠,HANWHA
이러다 하주석 선수는    계약을 못 맺게 된다면,HANWHA
      혜성이가 외야를 안 한지 오래 됐다고 ,HANWHA
김혜성선수 올해 불발되면 한화서 외야로 쓰자니까,HANWHA
김혜성 탐나기는 하는데    진짜 바보같음,HANWHA
근데 김혜성,HANWHA
심우준이   억 가치를 하려면,HANWHA
만약 김혜성이 포스팅 안나가게 되면  한화가 어떻게든 트레이드 시도할듯 한데    ,HANWHA
대전왕자 동주야 안녕  나는 위대한 신비님 이시다  ,HANWHA
신구장 관련  했으면 하는 것   구대성 영결,HANWHA
문동주 근황    ,HANWHA
하주석이 헬멧을 던졌던 경기에,HANWHA
류현진 유소년캠프 참가선물 대박,HANWHA
하주석 계약하면 분명 요긴하게 쓰긴 할 겁니다 ,HANWHA
한화는 무조건 김혜성 데려오죠 왜냐  류현진 나이먹어가거든요,HANWHA
햐주석은 음주운전도 그렇지만,HANWHA
갑자기 김혜성이 왜이리 핫하죠 ,HANWHA
내년 만약 김혜성 강백호 둘다 데려온다면,HANWHA
심우준 주루 기대하시는 분들이 많나요 ,HANWHA
한화가 김혜성오면 자리를 만들어야 한다는데,HANWHA
외야 트레이드 추진,HANWHA
김혜성이야 말로 한화랑 가장 안어울리는 선수죠,HANWHA
심우준 빠따는 올해 하주석 만큼만 해주면  대만족 아님 ,HANWHA
솔직히 하주석은 권희동처럼,HANWHA
심우준 성공여부는 가을야구죠,HANWHA
김혜성 데랴오는게 가능하면,HANWHA
한화는 김혜성 필요없죠,HANWHA
김혜성이 오면 교통정리를 많이 해야,HANWHA
사실 유격수도 타격 보긴 하죠,HANWHA
아 오늘 꿈을꿨는데 내년 개막전때 심우준이  회에   ,HANWHA
채은성 극과 극 몇 가지,HANWHA
심우준은 생각보다 시즌들어가면 잘데려왔다 시전할거같지않나요   ,HANWHA
한화 내년    잡을때   인 아까운 선수 많이 풀리네요,HANWHA
박팡야보단,HANWHA
만약 기아가 최원준 다년으로 미리 잡으면 한화는 내년 누구 영입함 ,HANWHA
내가 생각하는 각구단 영결 후보들 사건 사고 일으킨 인물들은 제외 어디까지나 개인적,HANWHA
하주석이 사고만 안치고 성실했으면,HANWHA
하주석 어떻게 될까요,HANWHA
우리도 예전에 팀내 선수 팬들끼리 싸운적 있음,HANWHA
갠적으로 내년 가장 두려운 부분,HANWHA
한화는 발전 가능성이 높습니다 ,HANWHA
내년시즌 와이스재계약이 제일 불안요소라고보임,HANWHA
신구장 좌석이 왜 네이비색인가 봤더니,HANWHA
한화의    시즌 테이블세터는  김감독성향고려 ,HANWHA
김서현 근황,HANWHA
대전 야구장 후보지였던 곳들,HANWHA
하주석에이전시   싸인앤트레이드 계속 추진 할 계획이다 ,HANWHA
대전역 선상에 경기장은 못짓죠,HANWHA
배동현은 내년에  군 오려나요,HANWHA
최근   년 상위 투수   명중 황준서  위네요,HANWHA
 명 남은    시장  하주석  사인 앤드 트레이드  포기 아니다    월까지 지켜볼 수도  ,HANWHA
김택연에서 황준서로 관심이 옮겨간 이유,HANWHA
뭔가 황준서는 김택연때문에 조급하긴 한듯,HANWHA
하주석보다 멍청한    신청 누구 있나요    ,HANWHA
김민우는 내년 선발로테 돌수 있을까요 ,HANWHA
음주석은      억이 딱입니다       ,HANWHA
전 내년에 와이스가 꼭 잘해줬음 싶네요,HANWHA
올 시즌 한화는 진짜 너무 했던게,HANWHA
이팀은 하다하다 팬들도 돈 퍼주는걸 좋아하네요,HANWHA
딸바보 채은성,HANWHA
좌석 주황색  네이비 비교 사진,HANWHA
한승혁  급이죠  ,HANWHA
한화 신구장 좌석색깔 주황색 아닌게  ,HANWHA
하주석 가격 ,HANWHA
공정율      욕먹는 이팍 ,HANWHA
신구장 미디어월 앞에 설치된게 족장인가요 ,HANWHA
하주석  년    억 찬성하시나요 ,HANWHA
근데 경기장 저만 기대되나요,HANWHA
한화팬분들이 괜히 보살소리 듣는게 아니군요,HANWHA
심우준은 케이티에 남아도 오버페이 소리 듣지 않았을라나  ,HANWHA
과감하게  위 이상 예상해봅니다,HANWHA
라이언 와이스 근황,HANWHA
윤석민   왜 새로운 사람을 자꾸 발굴하려고 하지 ,HANWHA
에스테반 플로리얼 분석 ,HANWHA
근데 한승혁은 내년 롤이 추격조인가요 ,HANWHA
최인호는 타격관이 정립됐다고 봐도 되겠죠  ,HANWHA
한화 신구장 엔팍 뛰어넘겠죠  ,HANWHA
심우준 관련 팩폭은 이거임 ,HANWHA
정우주 대박  일  리틀야구 방문,HANWHA
심우준은 부상만 없으면 땡큐고 좋은 영입임,HANWHA
심우준은 수비만 잘해주면 일단 만족하고 볼듯,HANWHA
한화 최근  년 외야     총계,HANWHA
신구장 근처 와봤는데 엄청 웅장하네요 ,HANWHA
 우리의 성적은   ,HANWHA
여기가 팬카페인가요 근데 ,HANWHA
사실 심우준에 감추어진건 채은성이긴 함   ,HANWHA
이번시즌은 진짜 몇위할지 궁금하네요  ,HANWHA
심우준은       만 해도 성공적인 영입이죠,HANWHA
페라자가 은근 성적이 낮네요  ,HANWHA
파주 돔구장    성남이랑 화성도 구단 만들면,HANWHA
하주석  년  억 어떤가요,HANWHA
하주석은  년재수하면  등급아닌가요 ,HANWHA
심우준 잘할지는 모르겠고    확실한건  ,HANWHA
정세영   하주석 다 철수한 분위기 ,HANWHA
잔디석이 그렇게 인기 좋으면 잔디석도  층으로 만드는건 어떤가요 ,HANWHA
신구장 외야석 개인적으로 이런게 더 좋아보이네요,HANWHA
한화 수비는 범위가 좁아서 그나마   아 보였다는게 문제아닌가여,HANWHA
궁금한게 있습니당  야구 거의 입문자 ,HANWHA
심우준 내년에 이런거하면 욕 엄청 먹을거같아서,HANWHA
신구장 겉에서 구경하려면 어디 주차할 수 있나요 ,HANWHA
심우준 수비잘해두 욕먹을수밖에없음,HANWHA
심우준은 딱 이거죠 뭐,HANWHA
사실 심우준은 돈값 못하는거 확정이죠,HANWHA
장민재 는      역시 보좌관 수준이네욬  ,HANWHA
내년 한화 신 구장 개막전 기아랑 하네요,HANWHA
심우준 돈값할려면 타격에서 얼만큼 해줘야 할까요 ,HANWHA
몬스터월 올라가는 신구장    ,HANWHA
딜 넣는 류현진과 쿨한 김광현,HANWHA
류현진     마일까지는 칠만하다,HANWHA
류현진이 긴장한다는 코멘트는 진짜 의외네요,HANWHA
김광현이 상대한 한화의 느낌 ,HANWHA
윤석민   한화의 팬이된거 같다  응원하고  기대한다  ,HANWHA
심우준 수비는 리그에서 몇 위 정도일까요 ,HANWHA
류현진을 좋아할 수 밖에 없는 이유,HANWHA
재능만보면 류윤김 이을 다음   세 투수,HANWHA
 루 채은성 우익 김태연     루 김태연 우익 채은성,HANWHA
한희민 선수의 대만 프로야구 선수시절,HANWHA
서산 류현진 유소년캠프 랍스터식사 클라스   ,HANWHA
정우주 부모님 가게 일도와드리기,HANWHA
내년    개막전 양팀 예상 라인업,HANWHA
냉정히 외야는 플로리얼 말고는 확실한 자리가 없다고 보는게 맞죠  ,HANWHA
한화가 미안해  ,HANWHA
한화 진심 이해안가는게,HANWHA
류현진   노시환과 홈런레이스 했는데 내가  개 차이로 졌다 ,HANWHA
    류현진이면    에서는 누구와 비슷할까요 ,HANWHA
국대 패배하라고 굿하던 것들은,HANWHA
내년 외야가 어떨지 감이 안잡히네요,HANWHA
느낌적인 한화 수비,HANWHA
문동주 올해 좋았던 점,HANWHA
오늘자 한화 신구장,HANWHA
김서현과 문동주가 증명해야 하는 것 한 가지씩,HANWHA
류현진   내년 기대되는 선수는 김서현이다,HANWHA
연천미라클 박상목   황성빈처럼 발빠른 좌타자인데 영입검토하길    ,HANWHA
문동주 모교 화정초 방문,HANWHA
절친    ,HANWHA
주전야수중에 노시환말고는 전부 반쪽이네요,HANWHA
 루    좌익 어디가 더 쉬운 포지션임 ,HANWHA
류현진 유소년 야구 캠프       박건우 ,HANWHA
류현진이 훈련량이 많다는게 놀라웠음,HANWHA
류현진 비시즌 근황  ,HANWHA
류현진정도면 무조건 나중에 감독한번하겠죠 ,HANWHA
류현진   한화는 내가 문제였다  ,HANWHA
만약 한화가 하주석 사트로,HANWHA
저희 내년 불펜은 몇위인가요  ,HANWHA
크보 올타임 좌완      누구인가요,HANWHA
김태균 선수 책 보니    ,HANWHA
메이져 보면 투수들한테 규제가 많은데,HANWHA
스토브리그 한화 설레발은 연례행사 아닙니까 ,HANWHA
박재홍 뇌정지 상황,HANWHA
내년 신구장   ,HANWHA
또규 칭찬해  ,HANWHA
박찬혁 사장과 이태양 그리고 채은성 ,HANWHA
노시환도 나혼자산다 나오면 잘할듯요,HANWHA
샐캡 매년마다 상한선이 바뀌는건가요 ,HANWHA
      앞으로 한화의   년을 이끌어갈 차세대 유격수,HANWHA
근데 벌금낸다고 가정하면 우리 추가투자 가능한가요 ,HANWHA
류현진이 이렇게 대놓고 잡겠다고 하는거 되게 새롭네요   ,HANWHA
류현진   문동주는 변화구랑 직구 팔스윙 차이가 있고 타구단 선수들도 이야기를 해준다 ,HANWHA
롯데 황성빈이나 두산 조수행이면  ,HANWHA
정민철   한화 암흑기에 제 지분이 많습니다  ,HANWHA
하주석이   를 미신청했으면   명인데,HANWHA
하주석은  천타석을 똥꼬로 먹은건지,HANWHA
날쌘돌이 페이커 이상혁 미키마우스 귀요미,HANWHA
근데 한화는 더이상 외부영입 못하지 않나요 ,HANWHA
그래도 구단이 생각은 있는거같아서 다행이네여,HANWHA
정민철   한화  할 푼 승률    위이상 예측한다  ,HANWHA
수 많은 한화팬 김성욱 고평가는 아무리 봐도      ,HANWHA
주석아 무릎끓고      억에 계약해달라고하자,HANWHA
야저씨들     한화 롯데 누가 먼저 우승할까 ,HANWHA
     가을야구 확률    로 봅니다 ,HANWHA
기레기    ,HANWHA
요즘 기자들은 왜케대충대충이죠 ,HANWHA
정세영   하주석은 지금 갈데가 없는 것 같고 구단은 사트 등 기회가 있으면 열어두겠다는 입장이다 ,HANWHA
   류현진이 김태균을 만나지 않았다면 ,HANWHA
류현진 한화 영결 줍니까 ,HANWHA
내년 키는 역시,HANWHA
신구장 개막전  만석이어도 매진 가능한가요 ,HANWHA
타팀 팬들이나 전문가 예상 올려치기 하나도 좋아할게 없는게,HANWHA
올해는 전문가들이 한화  강 예상 얼마나 넣을까요 ,HANWHA
한화가 심우준을 샀어야 했던 이유,HANWHA
보통 신 구장 개장하면 시범경기 몰빵 받나요 ,HANWHA
신구장 개막전 선발라인업,HANWHA
신구장 첫안타는 누구일지 궁금하네요,HANWHA
기뻐야할 신 구장 개막전에,HANWHA
크    개막전 매치,HANWHA
개막 선발 무조건 류일까요,HANWHA
홈개막전 기아상대  연전 몇승 예상하시나요   ,HANWHA
내년시즌 핵심 키는,HANWHA
   개막시리즈선발은 쿠에바스 헤이수스겠죠 ,HANWHA
개막 후 선발 로테이션    ,HANWHA
제이크는 홈 개막전 선발이 정배죠 ,HANWHA
     류현진 맞대결전적,HANWHA
신구장 개막전 기아 붙인건 크보 시청률 장사잖아     ,HANWHA
올해는  연전과  연전이 있습니다 ,HANWHA
신구장 개막이 기아라니  ,HANWHA
관중석      석에서 무려     석이나 늘었는데 홈 개막전 매진 가능할까요 ,HANWHA
신구장 첫대진    한화    기아,HANWHA
개막전 팀 폭발 시나리오,HANWHA
개막전이 엄상백 심우준 더비네요,HANWHA
이게 류현진이야 김우빈이야,HANWHA
근데 내년 라인업 다  시환 예상하시네요    ,HANWHA
하주석은 음주가 크지 않나요 ,HANWHA
현실적인 내년 타순    ,HANWHA
플로리얼 대박치면 최원준 안잡을까요 ,HANWHA
조상우가  라  라면 주현상은 엄청나겠네요,HANWHA
강백호가 포수 정착한다면,HANWHA
내년 개막전 타순 예상,HANWHA
한화는 미국 유학 안보내나요,HANWHA
솔직히 전 다른 거 다 필요없고 이기창,HANWHA
우리팀은 더 이상 선수보강 없겠죠    ,HANWHA
내년에 정우주보다 권민규 바로 쓸수있음 개꿀일듯요 ,HANWHA
폰스 혹은 폰세 가 자꾸 까이네 ,HANWHA
진짜 만약에,HANWHA
신구장 리뷰 최신버전       ,HANWHA
하주석이 순수 실력만으로도   개팀 외면받았을까요  ,HANWHA
이글스 리얼   ,HANWHA
이글스   ,HANWHA
한화도  위 하려면 불펜 보강 해야 할텐데요,HANWHA
 라 하주석   이주형 안됨 ,HANWHA
한화  라   키움 조상우 트레이드 였다면 허락하시나요   ,HANWHA
리그에 트레이드 할 선수가 없긴 해요,HANWHA
한화는 왜 지명권 트레이드 안하나요 ,HANWHA
와 근데 우리 내년에 낭만투타 가동가능하네요,HANWHA
다시 보는  사 도윤,HANWHA
한화로 보는 내년시즌   인외  인 가치,HANWHA
내년 한화 백업 유격수 수비    ,HANWHA
우리도 어설프게 키움이랑 틀드 시도할까봐 걱정,HANWHA
한화가 군기 약한 구단 이었을까요 ,HANWHA
    현진이형 애들잡겠다고 ,HANWHA
조상우  라메인칩으로 틀드했으면 내년도 야수망주 못건지는건데,HANWHA
틀드 하나 더 있다는데,HANWHA
고점으로 본 내년 전망,HANWHA
갤펌  류현진  내년에는 후배들 잡겠다    ,HANWHA
저때 김태균은,HANWHA
한승혁 내년에 올해보다 더 분발해서,HANWHA
우리는 트레이드 안하려나  ,HANWHA
     와 조상우 기아라니    진짜 축하드립니다 ,HANWHA
이글스팬의 엄청난 스케이팅 포포몬스   ,HANWHA
심재학 단장 판단력 좋네요,HANWHA
각 팀별 가장 탐나는 자원,HANWHA
잘하면 경기를 덜 챙겨보게되나요    ,HANWHA
한    년뒤에 이주형 노려보면 좋을듯,HANWHA
한화는 트레이드  년내내 소문만무성,HANWHA
야구 보면서 아직 안가본 구장있으신가요 ,HANWHA
박상원 전반기      후반기     네요 ,HANWHA
페디가 대단한 이유,NC
우리 새 용병 두명 기대치 어느정도인가요     ,NC
팬 분들 질문있습니다,NC
  서  라 던지면 송성문 팔까요 ,NC
 킹캉 강정호  김성욱 스윙분석 영상,NC
 협상 핑퐁  이용찬 김성욱     제안 연내 받아들일까 새해 장기전 가능성도 돌출,NC
김주원은 나이가 진짜 깡패긴 하네요    ,NC
 작년보다 더 많이 치겠다           홈런왕  테임즈 나바로 추월 선언 이승엽 심정수 박병호 기다려,NC
야구부장   한화는 김성욱 사트 고려 ,NC
   팬과함께 하는 기부행사 공지,NC
김재열 연봉  억 이상 인상 가능하죠 ,NC
배구장에서 장현식 구창모는 돈 윽수로 벌었는데,NC
    심판위원 이호성 심판의 선수시절 모습,NC
다시 보고 싶은 외국인 타자  테임즈 제외 ,NC
     을 넘겨 버린    외인 트리오    ,NC
그나저나 페디는 또 팔릴거 같네요,NC
 좋은 모습 내년 시즌까지 이어갈 것  호주서 쑥쑥 크고 있는    원종해의 굳은 다짐,NC
리그 초반 잘하는 용병 나오면 특    ,NC
디시 저썰구라같은데,NC
김주원 수비는 이제 우상향만 남았죠    ,NC
와 일정이제봤는데 기아삼성엘지,NC
올해 좋았던 좌투수 스위퍼    ,NC
로건 앨런,NC
이호준 감독이 생각하는 리빌딩    ,NC
기아 개막전 상대가   던데 에이스가 누구에요 ,NC
  는 개막전부터  등  등  등이랑   ,NC
개막전 기아 와 기아진짜무서운데,NC
김휘집 내년에도   번,NC
엠팍 말머리에 엔씨 내용 사라진건가요,NC
이용찬 전후반기 성적    ,NC
   싸트거부,NC
루친스키 선수 언제가 커하 시즌인가요  ,NC
 년 밖에 함께하지 못해서 너무 아쉬운 용병    ,NC
발표 당시 가장 충격적인 지명권 트레이드    ,NC
  가  번까지는 리그최고아닌가여,NC
외인 계약 완료안된 팀이   가 유일한가요 ,NC
크보 오기 전 하트의 메이저 성적    ,NC
이용찬 김성욱은 결국 싼값에 잔류하겠네요,NC
야구부장    는 창단 때부터 미국 전문이였다,NC
   하트와 연락 쉽지않다 ,NC
데이비슨 내년에   홈런 칠 수 있을까요 ,NC
손아섭      안타네요,NC
내년에 다시 볼수 있는    상위 타선    ,NC
타자입장에서는 공포감을 느낄만한 수비    ,NC
박민우 통산성적,NC
이용찬 계약 임박썰,NC
데이비슨은 리그 적응을 마친게 크죠    ,NC
저희 용투는 언제쯤,NC
   다이노스 역대  차  라운드 지명선수,NC
예상대로 박지한 구속이 올라왔음을 보여주네 ,NC
 창단 첫  만 관중 시대    는 이렇게 스몰마켓 한계를 극복했다  극복하려 한다,NC
  담당기자  하트에 마감기한제시  좌완우선으로 플랜  알아보고있다 ,NC
   같은 세이버보고 오스틴줬다는것도웃긴게,NC
작은띵기,NC
골글을 누가 받냐가 중요한게 아니라,NC
 루 골,NC
골글 크게 잘못된건 아님,NC
로건 앨런 특이점,NC
로건 앨런     년     구종별 스트라이크 영상 및          구종별 세부지표 본인  와이프   인스타 팔로잉 ,NC
오스틴도 너무 잘해서 데이비슨이 못받을수도 있다 예상하기는 했는데,NC
박민우가 김선빈 보다 표를 못받았나요   ,NC
김형준 뽑은기자는 공개해라,NC
 년 연속 투수 골글,NC
왐마 위험할뻔 했다 하트도,NC
하트 골글 축하합니다 ,NC
오 하트 이겨냈네     ,NC
그래 하트는 줘야지,NC
하트 수상        ,NC
역시 하트입니다,NC
 골글  투수 하트  ,NC
당연한 수순인데 이걸 불안해 해야되는 게 맞나  ,NC
하트 못받으면 계엄령,NC
하트야 제발 받자,NC
후보자 득표수 정리,NC
하트 못 타면 좀 짜증 나긴 할듯    ,NC
하트 골글  위일듯,NC
데이비슨이 골글 못 받은 건 인정할 수 있겠다만,NC
어차피 인기투표인데 참석도 하지말길,NC
저는 골글 많아야  개라고 생각하긴 했는데,NC
하 씨 하트 안될거같은데 이거     ,NC
박민우  위는 좀  ,NC
와 박민우 어김없이  위구나,NC
하트도 간당간당해 보이네,NC
하트마저 안준다면 아주 속상할거같은데,NC
 루수 박민우 투표숫자 궁금함,NC
내년에   개 치자 데이비슨,NC
이러다가 원태인이 골글 받을수도   ,NC
홈런왕을 해도 골글을 못받네요,NC
표차이 봐 와  홈런왕인데      ,NC
        은      에휴  ,NC
  팬으로서 아쉽습니다,NC
그래     안줄줄 알았다,NC
데이비슨 골든글러브 강탈       ,NC
로건 앨런 라일리 톰슨 맞팔,NC
로건 앨런   다시 팔로우,NC
속보  송명기 결혼하네요      ,NC
  년전과 현재          ,NC
새용병 라일리 뽑은이유  경남도민일보 출처,NC
      넘긴 타자가 골글 못 받는것도,NC
팬그래프가 예상한 하트 계약    ,NC
우리 남은 투수가 누굴지 궁금하네요,NC
내년 선발이 문제긴 한데,NC
이호준 감독님 말하는거 보면,NC
이호준 감독 닮은사람 유투버 잡솨,NC
여전히 엔시는 물음표가 많습니다 상수가 없네요,NC
구창모 장기계약은 옵션이 있지만 너무 성급했을까요 니면,NC
구창모는 불펜이 낫지 않을까요 롱릴리프로 관리해주면서,NC
구창모 활용 방안,NC
구창모는  급이라 하기도 어렵죠 ,NC
이호준  나 제법 빨라,NC
엔시가 창원이 홈이라 선수도 마찬가지지만 코치구하기가 힘들다,NC
코칭스태프 확정    ,NC
  테임즈 핫콜드존,NC
테임즈랑 페디는  급 용병이죠,NC
갑자기 궁금한 게 김종호는 삼성에서 네임드 망주였나요 ,NC
메이저 경험 풍부 좌완  조이 루케시  ,NC
이호준 처음에   갔을때 대한민국에서 제일유명한 선수  명이,NC
데이비슨은 골글 못탈거같네요,NC
메이저경력이 풍부한 좌완  ,NC
메이져도 좌완부족인데   메이져 경험 풍부한 좌완 ,NC
패트릭 코빈 오면 반기시나요 ,NC
메이저 경험이  풍부한  좌완이라는데,NC
이번주 안에 외인 발표 될 느낌이네요,NC
용병 메디컬테스트,NC
엔씨는 중남미 용병을 잘안쓰지 않나요 ,NC
가성비  번타자,NC
하트와 결별 임박  잘 뽑는     이번에도 특급 잡나,NC
재활만   개월    김진호  내년 마무리 경쟁도 참전  ,NC
데이비슨은 내년이 찐이라고 봅니다    ,NC
우리구장이 최고인이유,NC
이호준감독 상남자네요,NC
정근우 야구인생 이호준 감독,NC
엔씨 이용찬 왜죠 ,NC
이용찬은 왜   신청한거죠 ,NC
하트는 마무리가 아쉽네요,NC
정세영   새 외인 투수는 메이저 경험이 풍부하고 올해도 메이저에서 뛰었던 선수라는 이야기가 들린다 ,NC
최정원 생각보다 기록이 좋네요,NC
이용찬은 그래도 무난하게 잔류할거같고,NC
야구부장        입장,NC
중견수 홈런  위     등급 인기 예상됐는데  아직도 조용    원소속팀  시장 상황 보고 다시 만날 것 ,NC
노진혁 놓쳤을때,NC
하트 재계약 사실상 결렬인가  선수 마음이 떠난 것 같다 ,NC
김성욱 사트 대가가 비쌀수밖에 없습니다 ,NC
하트 미국가는게 장기적으론 더좋습니다,NC
하트와 같은 좌완이 빈 자리를 채울 가능성이 높아 보인다 ,NC
이용찬은 견적내기 어려운 선수죠,NC
이용찬 박진형 장두성 싸트 밸런스맞나요,NC
하트가 진짜     만불 받고 복귀하면 내년엔  ,NC
호부지는 선발투수 이용찬을 원한다     년   승 투수  공룡들도 계약 제시했다  해피엔딩 가능할까,NC
하트최고액 예상  년     만달러,NC
이용찬 선발로 간다면  슬라이더를 다시 쓰겠네요,NC
  의 미래는 점수 주는 법을 잊었다 호주에서   이닝 무실점      더 놀라운 기록은,NC
이용찬  억  년이겠죠 ,NC
  는 외인을 잘 데리고 오는 것도 있지만,NC
울팀 해외 스카우터는 잘하는거 같긴해요 ,NC
타일러 알렉산더는 아직 크보 올급 아닌건가요,NC
외인시장에 나와있는 수준급 좌투수가누굴까요 ,NC
카일 하트,NC
하트는 왜이렇게 참 답답하게 하는지,NC
타일러 알렉산더 분석,NC
이용찬 수도권 구단 관심,NC
하트놓치면 빅리그경험이많고 오래뛴좌완 노린다는데,NC
모기업 희망퇴직    명 내보냈내요   억주고 당분간 야구단,NC
  팬은 내년 신영우만 바라봅니다 ,NC
박민우는 은퇴하면 창원에 계속 살까요 아님 서울로 이사갈까요 ,NC
엔씨 황금타자 위아래    ,NC
대식가로 유명한 박석민,NC
역대    외국인투수    순위,NC
  팬 분들 하트 미우세요 ,NC
 일본에서 돈 더 준다고 했는데   홈런왕은 왜 달콤한 제안을 뿌리쳤나,NC
권희동 예상치못한 근황   ,NC
  도 외야가 급한 팀인가요  ,NC
하트 협상에 난항 겪는   ,NC
신영우가 퍼스 팀   가 됐네요  ,NC
    어이 어이 데이비슨 비켜 내가 간다 ,NC
임선남       오퍼를 기다리면서 시간을 끈다는 생각이 든다,NC
호부지 이 인터뷰 언제 나온건가요 ,NC
하트 후반기 부상이후 회복했던가 ,NC
제 기준 유일하게 함량 미달인 용병,NC
그래도 하트 잡겠지 했는데,NC
하트 올시즌  개구단 상대전적,NC
하트 간다니까 또 아주 기깔난 신규 용병 한명 뽑아주면 좋겠네요,NC
하트미국가면 잭로그이선수 데려오면 좋겠네요,NC
라일리 톰슨 영입리스트 상위권이라네요 ,NC
유재현 견제사아웃,NC
최근 믈브 좌완 선발 시세,NC
엔씨팬들은 그래도 한편으론 좋지않나 ,NC
 년 연속 메이저 리턴은 좀 속 쓰리네요,NC
하트    문의 묵묵부답 할 만 했네요,NC
급 높은 외국인이 크보 오는 이유가 하트 같은 케이스 때문일 듯,NC
     카일 하트 분위기 보장 천만불,NC
하트 떠날 확률,NC
로건 앨런 오겠네요,NC
  피셜  하트 빠빠이 할거다,NC
하트 한테 접촉한 메이저 팀   개라고 함,NC
하트에 관심있는 메이저리그팀만   개   ,NC
하트 접촉구단   팀   ,NC
윈터미팅이 끝나야 하트 행선지가 정해질려나요,NC
하트 계약이 안되면 바로 로건 앨런으로 방향 틀 생각인것도 같아요,NC
호부지가 굉장히 기대중인 불펜투수    ,NC
최강볼펜   현재 하트는 묵묵부답 상태,NC
누구냐 너 ,NC
라일리 톰슨 선발 출전시      년 좌우타자 커브                        ,NC
외국인 관련해서 임선남 단장의 안목은 그냥 믿어야죠,NC
 대포알 포심 라일리     에서 더 위력적일 수 있다  외국인 명가   의 선택  이번에도 통할까,NC
라일리 톰슨의 느린 커브에 대한 글 치리노스를 곁들인 ,NC
내년 엔씨는 어떤가요 ,NC
라일리 톰슨 선발 출전시 전후반기 및 월별 구종별 스탯     년          ,NC
현재 감독 코치님 계실때,NC
시즌 때 투수운용,NC
내년에   가 기대되긴 합니다,NC
내년 선발진 로테가  ,NC
공룡군단 새 외인투수 라일리 톰슨,NC
라일리 톰슨 분석글   오모시로이 그 자체,NC
  다이노스     년 새용투  라일리톰슨  마이너리그 삼진모음,NC
라일리 톰슨 세부적으로 뜯어보고 있는데 너무 재미있네요,NC
역시 용병 뽑는거는 일가견이 있어  라일리 톰슨 ,NC
지금 호주리그에서 모습이 리그에서 시즌 때도 유지될지가 관건인데,NC
  의 유망주 신영우 선수에 대한 분석  ,NC
라일리는 결정구가 약해보이는게 걱정이긴하네요,NC
이용찬 현재   와 단독으로 협상 진행중,NC
현직 엔씨 파크입니다,NC
메이저 윈터미팅 다음주에 하는건가요 ,NC
라일리 하이리스크 하이리턴 유형인가요 ,NC
고야갤 파딱  엔씨에 지명된 김태훈 선수에 대하여,NC
톰슨 투수 봤는데  ,NC
저희 팀 썰쟁이는 펨코에          이 사람이 있었는데,NC
  가 뽑은 외국인 선수        성공,NC
라일리 톰슨     년          구종별              ,NC
라일리 톰슨     년  월  일          경기영상  이닝  안타  삼진 무실점 ,NC
썰이 맞는게 없네요,NC
이러면 저번에 메디컬 까지 간 선수는 결렬된건가요 ,NC
 롯데  이거  잘못하면 엔더슨 프랑코 아님 ,NC
역시 우리팀 외인 리스트는,NC
로건 앨런은 하트 계약 실패하면  순위로 생각하는 자원인가보네요,NC
라일리톰슨 대 배지환  마티니 대결영상,NC
라일리 톰슨 쭉 보고 있는데  무명 폰스네요 ,NC
하트    만달러 주려고 하나보네요,NC
톰슨 마이너리그 성적,NC
라일리 톰슨이 기대되는 이유,NC
   다이노스가   월  일 일      시즌 새 외국인 투수로 라일리 톰슨                     년생    세 등록명 라일리 과 계약했다 ,NC
   외국인영입,NC
인스타에 사진올리고 욕을 먹은 야구선수,NC
용병 가장 잘 뽑은 팀이 엔씨 아닐려나요 ,NC
저는 김주원 살아나서 정말안도의한숨을 내쉬었습니다,NC
김주원 김형준,NC
     시즌 우승 바로 가능하지는 않겠지만    올라갈 수 있으면 좋겠습니다 ,NC
연예인 누나 있는 선수 누구였는지 아시나요 ,NC
아니  년 연속으로 외국인 빼갈거면 우리도 보상선수 지명 하게 해줘,NC
   외국인 에이스   년 연속 화이트삭스행  미 매체  하트  페디와 같은 길 걸을 수 있어 ,NC
신인 드랩  번이 좋긴 하네요    ,NC
창원 야구장 근처 맛집 있을까요  ,NC
응근 이 사람 일 잘하는듯  박세혁이나 트레이드 빼고는,NC
김성욱,NC
신영우가   마일까지 던졌나요     ,NC
한신이 로건 앨런 놓치고 후라도로 가나요,NC
  시즌 다크호스는 우리팀인거 같습니다,NC
데이비슨 재계약 축하,NC
리그 적응 마친 데이비슨 후반기 성적    ,NC
하트가 혹시라도 미국가도 잘 뽑아주시겠지 ,NC
로건 앨런 인스타 일본팀 팔로우 다 끊고 하트랑도 맞팔 중이라네요,NC
김성욱의 행선지는 어떻게 될까요 ,NC
    수습기록원에서 야구단 사장까지  그에게 야구란 ,NC
로건 앨런이   말고 일본쪽 팔로우를 끊었다는 이야기가 있네요,NC
심창민 엔씨 있을때 직구 스피드 어느정도 나왔나요 ,NC
우리는 후라도 신경 안쓰고 하트에 총력을 기울이며 로건 앨런 계약 임박인것 같네요,NC
후라도 가장 필요한 팀이    아닌가요,NC
후라도에 관심 안가진다는거 보니까 누굴 구했단 건데,NC
구창모 인기팀 소속이었으면,NC
데이비슨 일본 오퍼 있었다,NC
구창모가 큰일했네   ,NC
데이비슨이 저 조건 받아들인 이유가 뭘까요 ,NC
데이비슨  ,NC
데이비슨 같은 계약은,NC
호부지가 엄청 좋아하실듯    ,NC
다년계약으로 데이비슨 사수한 임선남    단장   선수도 좋고  우리도 좋고 ,NC
메디컬만 남은 외인이면 이제 소식이 나와야하는데,NC
내년에 데이비슨 홈런   개 이상 치겠죠 ,NC
하트    만  데이비슨    만  신규 투수    만 이렇게,NC
데이비슨 다년계약이라고 언플하는거 좀 역함,NC
맷돌형     구단옵션 뭔가요,NC
구단옵션은 의미가 뭐죠 ,NC
하트가    에 방어가 되는건지  다른 외인투수가 싼건지  하트를 놓치는건지,NC
트레이드만빼고 다잘하는단장,NC
우리가 이번에 하트까지 잔류하면    만달러를 쓸수 있으니까,NC
오 데이비슨    만 달러면 잘 잡았네요,NC
데이비슨 재계약    ,NC
데이비슨  년 재계약,NC
후라도   썰있네요,NC
데이비슨 인스타 스토리 내용,NC
임정호 계약기념 꺼내드는 짤,NC
  파크는,NC
  팬분들에게 질문,NC
썰쟁이가 김영규     ,NC
총액 더 높은   구단 제안 고사했다   등급 최대어  임정호     지극정성 창원 잔류 결정,NC
임정호 총액이 더 높은  구단 있었음,NC
정세영  하트 데이비슨 재계약 가능할듯,NC
구창모는 왜 잘 던지나요 ,NC
임정호 계약은 선수 구단 모두 만족할듯,NC
임정호           ,NC
홍성은  억이 이제    억된건가요 ,KIWOOM
그 많은 돈은 다 어디로 ,KIWOOM
신인 투수      회 이상은     년 이후 김윤하 선수가 처음이라고 하네요,KIWOOM
김혜성 복수의 메이저구단 제의 받음,KIWOOM
매각 기도좀 해주세요,KIWOOM
히어로즈 창단 이후 그 동안의 트레이드 역사,KIWOOM
서울 히어로즈 프로야구단에 대한 생각,KIWOOM
김혜성 포스팅 금액    만 달러는 되려나요 ,KIWOOM
송우현도 바로 방출됐죠,KIWOOM
김혜성은 구단이 포스팅 부추겼을수 있죠,KIWOOM
진짜 김혜성 못갈거 같긴 했는데 현실로 다가오는건가요,KIWOOM
궁금한게 키움 팬들은 현대에서부터 이어진 건가요 ,KIWOOM
빨래 하다 찍어보는 과거의 유물,KIWOOM
선수 브로마이드 커스텀해주는 곳아시는분 있나요  ,KIWOOM
안우진 선배님 토종선발 탑 영웅들이 그리는 안우진 정현우 원투펀치,KIWOOM
키움은 왜 이형종하고 퓨쳐스    계약때   억 호구계약을 했나요,KIWOOM
김혜성도 데려가게요 ,KIWOOM
김혜성 포스팅 결과도 안나왔는데,KIWOOM
강진성 선수는 키움에선 잘할겁니다 ,KIWOOM
김혜성은 운도 안좋은게 하필 같은 팀 이정후가 표본을 보여줬죠,KIWOOM
염경엽 감독 한테  돈 많이 벌어 강남 가서 마셔라  라고 핀잔 들은 야구선수,KIWOOM
김혜성 계약되면 좋겠지만 불발시 키움의 플랜이 궁금한군여,KIWOOM
송성문 클러치능력 보면 가을야구 노리는 팀에서 무조건 사가야합니다,KIWOOM
키움은 스포츠팀이 아니죠,KIWOOM
송성문    억은 너무 오바아닌가요 ,KIWOOM
키움팬분들은 좀 서러우실듯,KIWOOM
송성문은  루  루 둘다 가능한가여  ,KIWOOM
오윤 김태완 선수들도 기가 막히겠다,KIWOOM
조상우 트레이드 글 때문에 생각난 건데 삼성이 이런 제안했으면 수락 가능성 있었나요 ,KIWOOM
강정호가 인기팀 선수였다면 크보복귀했을거란건 헛소리죠     ,KIWOOM
김혜성 미국 못갈시 트레이드 카드,KIWOOM
라인업 보니까  용타 끄덕거려지네요  ,KIWOOM
김혜성   시애틀 매리너스 링크 기사,KIWOOM
장현식   억    기아 선택이 좋았네요,KIWOOM
지난번 유니폼 무료나눔 이벤트 전부 발송 완료했습니다,KIWOOM
강진성 선수가 어릴 적에 쓴 글로 추정되는 게시물,KIWOOM
 롯데  조상우    행에 실망한 키움 팬들 희소식,KIWOOM
김혜성은 조금 기다렸다가 까도됩니다 ,KIWOOM
김혜성 실력만 봤을땐 손아섭보다 더 윗급인가요 ,KIWOOM
김혜성 메이저 진출 불투명한가요  ,KIWOOM
손아섭 전성기때도 메이저리그 무응찰이였는데 김혜성은  ,KIWOOM
김혜성이 현재 한국팀   계약시 금액,KIWOOM
냉정히 김혜성 트레이드 힘들거 같은데요,KIWOOM
내년에 상무 지원하는 선수 있을까요  ,KIWOOM
만약 김혜성이 한국 남는다면 키움이 김혜성을 잔류시킬까요 ,KIWOOM
김혜성은 사실 나에게 실패 픽이었음,KIWOOM
김혜성    관련,KIWOOM
김혜성은 중견수 했어야 포스팅에 유리하지않았을까요,KIWOOM
김하성도 포스팅 입찰시작하고 좀 시간 걸리지 않았나요 ,KIWOOM
김혜성    풀린다면 적정 금액은 얼마인가요 ,KIWOOM
오늘은 김혜성인가요  ,KIWOOM
이 성적으로 미국 가겠다는건 그냥 개만만히 본거 말곤 설명이 안되죠,KIWOOM
김혜성 내년 마치고 국내 남는다면,KIWOOM
김혜성 메이져 못가면 키움도 꼬이는거 아닌가요,KIWOOM
김혜성 잔류   김하성 컴백할시 라인업,KIWOOM
김혜성이 유격에서 고전한건,KIWOOM
김혜성은 메이저가기에는 성적이 아쉽지않나요 ,KIWOOM
염승원은  루 자원인가요 ,KIWOOM
김혜성 내년  월 일까지 협상 없으면 짐 싸서 돌아와야한다,KIWOOM
서건창 그냥 키움이 불렀을 때 왔으면 어땠을까요 ,KIWOOM
김하성  이정후  김혜성    에서 돌아오면,KIWOOM
갠적으로 방출영입선수들에게 바라는 희망사항,KIWOOM
키움 원년 팬들은 대부분 현대에서 넘어간건가요,KIWOOM
히어로즈 매각 기원,KIWOOM
밴헤켄이 끝까지 키움에 남았으면 영구결번 가능했을까요 ,KIWOOM
팬들 이탈은   년도에 정해질것 같네요,KIWOOM
키움이 역사상 트레이드로 보낸 선수들,KIWOOM
고형욱 단장 코멘트,KIWOOM
승호 성진이는 시즌중 전역이라도,KIWOOM
키움 불펜은 어찌 될까요 ,KIWOOM
문성현 선수도 좀 찬밥신세네요 ,KIWOOM
우승후보,KIWOOM
퐈로 박찬호 원하면 아직 정신 못차린건가요 ,KIWOOM
키움 지명권의 실체,KIWOOM
     키움 야수진 ,KIWOOM
진지하게 요즘 팀세탁 고려해보고 있습니다,KIWOOM
우승재성    ,KIWOOM
김혜성 유격 가능한가요 ,KIWOOM
김혜성 미국 못갈시 트레이드 할까요 ,KIWOOM
 안우진     년에 돌아온다  영웅들 리빌딩 절대조건      강력한 토종선발 발굴  정현우는 신인이다,KIWOOM
이팀은 또 선수 판건가요   조상우 ,KIWOOM
히어로즈 매각 기원,KIWOOM
연합뉴스에서 지금 키움 선수팔이 논란이라는 기사 나오네요,KIWOOM
넥스트 이정후 김하성 안우진이 나오긴 나와야 할텐데,KIWOOM
이택근이 멀쩡히 은퇴했으면 영결받았을까요,KIWOOM
키움은 영구결번 선수가 나올까요   ,KIWOOM
개막전부터 후라도라니  ,KIWOOM
류현진 영결 무조건이다라고 치면 이정후는 영결 어때요 ,KIWOOM
조상우 트레이드는 때가 됐을 뿐 시기가 문제였던,KIWOOM
신인들이 가장가고싶은팀 키움,KIWOOM
키움 외인 투수 교체로 욕 많이 하시자나요 ,KIWOOM
현재까지 키움이 한 트레이드 목록,KIWOOM
이정도면 키움 올해 화삭급 승률 나올확률도 좀 있겠네요,KIWOOM
탈 히어로즈 이 라인업으로 몇위 할까요 ,KIWOOM
히어로즈,KIWOOM
내년 키움보다 밑에있는 팀은 반성좀 해야할듯,KIWOOM
     히어로즈가 떠나보낸 즉전감 선수들,KIWOOM
키움은 리그의  팜 인가  이상한 행보와  샐러리캡 하한제  필요성,KIWOOM
최근  년간 떠나간 선수들     ,KIWOOM
네 없습니다,KIWOOM
키움 차별 논란   ,KIWOOM
조상우 긍정 부정,KIWOOM
키움 매각 안하면 김하성 이정후도 결국 타팀행입니다,KIWOOM
이장석은 정몽규랑 비슷한거 같아요,KIWOOM
키움 네이밍 스폰서 계약이  년쯤 남았나요 ,KIWOOM
키움같은 팀이 필요할 수도 있겠네요,KIWOOM
그래도 키움 신인 선수들한테는 좋은 구단 아닌가요 ,KIWOOM
이장석 내칠수는 있나요 ,KIWOOM
이장석을 무너트리는건 수도권 거주  개구단 팬이 고척을 불매하면 됨,KIWOOM
조상우 선수 그 동안 수고 했어유  ,KIWOOM
조상우가 부상회복 후 퓨처스에 나왔었군요,KIWOOM
키움팬들 절망을 누구보다도 잘 이해합니다   원년 해태팬입니다    ,KIWOOM
이정후 김혜성 김하성 안우진 이  명도 못잡을까요  ,KIWOOM
오늘 구단 인터뷰보면 무슨뜻인지는 알겠네요,KIWOOM
내년 겨울에 송성문을 어디로 팔아먹을까요 ,KIWOOM
많은 키움팬들이 걱정하는 것과 다르게 키움은 거의 확실하게 내년에 투자 할 수 밖에 없습니다 ,KIWOOM
키움이 하는건 탱킹이라고 하는것도 아깝습니다,KIWOOM
송성문도     년전에 트레이드할까요 ,KIWOOM
송성문도 시즌 중반쯤 되면 타팀에서 딜하겠네요,KIWOOM
왜 타팀이 더 긁어요 ,KIWOOM
키움은 팀 구조상 윈나우 절대 못하죠,KIWOOM
공평한 히어로즈   ,KIWOOM
히어로즈 매각 기원,KIWOOM
이장석 스레기 봐라,KIWOOM
조상우 어깨부상이 이번이 처음인가요 ,KIWOOM
키움 역시 장사 잘해요,KIWOOM
조상우 트레이드는 조상우가 제일 이득이죠,KIWOOM
조상우선수 아껴주세요,KIWOOM
조상우 트레이드 누가 이득인 것 같나요 ,KIWOOM
     키움 국내 투수,KIWOOM
이 망할팀 평가는      시즌에 해도 안늦습니다 ,KIWOOM
내년   순위에 김영우급 뽑을수있음 좋겟네요,KIWOOM
키움은   억으로  라운드  명 계약금도 벌었네요,KIWOOM
조상우 대가로 선수 추가로 받았다면 누구 받을 수 있었을 가요 ,KIWOOM
 과감한 선택 안하면 리빌딩 더 오래걸려  파격 트레이드 단행한 키움  왜 조상우까지 트레이드 했나,KIWOOM
키움 매년 흑자라고 자부심갖는 팬들 있던데,KIWOOM
조상우 기아 간게 좋은 이유 ,KIWOOM
     드래프트  번    번    번 후보군,KIWOOM
키움은   억때문에 선수파는 구단이미지로 정착하는 느낌,KIWOOM
키움 입장에서는 너무 타이밍 재다가 가치를 떨궜네요,KIWOOM
조상우 반대급부 개인적으로 실망스럽네요,KIWOOM
조상우 트레이드 된거에요   ,KIWOOM
키움만 문제 있는 것처럼 얘기하는 사람들이 제일 이해 안되네요,KIWOOM
만약 김혜성 메이저 못가면,KIWOOM
키움은 구단자체가 사기에 구걸구단임,KIWOOM
키움은 송성문까지 돈으로 다 팔아 버리면,KIWOOM
키움의 또 다른 뒷문 마무리도 있습니다  삼성 등 관심 가져주세요 ,KIWOOM
안우진은 서비스 타임이  년인가요   년인가요 ,KIWOOM
키움이랑 트레이드 하는게 아님   ,KIWOOM
엿같은 상황에 그나마 다행인거,KIWOOM
박승주 결혼 축하합니다 ,KIWOOM
씁쓸하다 못해 어떤 생각까지 드냐면,KIWOOM
여기서 팬들 이해시키려면 답은 하나밖에 없어요 ,KIWOOM
베코 당시 조상우 트래이드 주도한 구단이  라  라 지명권 사용하는것에 부담 느낌,KIWOOM
삼성은 조상우 왜놓친건가요,KIWOOM
솔직히 합리적인 무브이긴 합니다,KIWOOM
그래도 키움은 필요한 팀입니다,KIWOOM
내년에 또 기아  라 두장이네,KIWOOM
키움은 영구결번 아직 없죠 ,KIWOOM
이번건은 프런트가 조상우 몸상태에 대한 확신이 없던거에요,KIWOOM
구단 운영방식 실드치는 팬들이 있다는게 놀랍네요,KIWOOM
다 좋은데   억은 딴데쓰지 말고     년을 위해서 모아두길,KIWOOM
   에 문의 글이라도 적어봤습니다,KIWOOM
이선수는 어떻게 될것 같나요  ,KIWOOM
키움 네고됨즈,KIWOOM
송성문  이주형  안우진도 팔겠죠 ,KIWOOM
진짜 나중에 사기당했다는 소리나오면 욕나올듯,KIWOOM
히어로즈는 매각 가능성 없나요 ,KIWOOM
키움은 이렇게 운영하고도 왠지,KIWOOM
요즘 울팀에 가장 필요한 것    ,KIWOOM
지극히 개인적인의견,KIWOOM
나중에 키움에게 사기당했다 소리만 안나왔으면,KIWOOM
송성문도 파는거 확정이네요,KIWOOM
이제 키움 탱킹 아니라는 헛소리는 그만 봤으면,KIWOOM
생각보다 기분이 괜찮네 무뎌졌나바요,KIWOOM
김재현   억 주려고 조상우 현금 트레이드   ,KIWOOM
키움  년뒤에 재평가 받을거 같음,KIWOOM
키움은 운영 진짜 뭣같이 하네요,KIWOOM
 라   픽이 조상우 보낼정도의 가치가 있다고 보시나요 ,KIWOOM
샐캡은 낮다고 욕하고 선수는 사가고   ,KIWOOM
키움은 안우진도 섭타    년 남을때 팔까요 ,KIWOOM
이번에는 선수 받을거 같았는데 아니네요,KIWOOM
트레이드는 예상했다만   ,KIWOOM
키움입장에서는 최고의 트레이드같은데요,KIWOOM
서건창 이정후 김하성 조상우,KIWOOM
우리 지금 재정 상황이 이때만큼 심각한듯     ,KIWOOM
 히어로즈 는 영원히 현금트레이드에서 못벗어나는군요,KIWOOM
불매했으면 좋겠네요,KIWOOM
송캡만 잡으면 이해합니다,KIWOOM
타 팀 팬이라 조심스럽지만,KIWOOM
키움은 고척돔이 아까운 수준  ,KIWOOM
안치용   키움의 구단운영 방향성 을 잘 모르겠다 ,KIWOOM
지명권이랑 선수라도 받아와야지  ,KIWOOM
이택근말고 히어로즈에서 전성기보내고 은퇴한선수는 못본거같네요,KIWOOM
구단명을 바꿔야 하는 거 아닌가  ,KIWOOM
 라  라인게 좀 아쉽네요,KIWOOM
내년에 송성문도 팔듯,KIWOOM
조상우 나가서 키움불펜은 주승우가 마무리네요 ,KIWOOM
전 키움 투수 이안 맥키니 근황,KIWOOM
땡큠   ,KIWOOM
불펜 누구 있나요  원종현  장필준  주승우  김성민 ,KIWOOM
내년 끝나고 송성문 노릴만한 팀은 어디  ,KIWOOM
키움은 사실 올해도 힘들다 봤는데,KIWOOM
안우진        라    억,KIWOOM
신인 전체   번    보상선수   인,KIWOOM
키움이 강백호 질러볼듯   ,KIWOOM
조상우랑 키움은 작년 하반기 때부터 서로 멀어지지 않았을까요 ,KIWOOM
어제 진행한 유니폼 무료 나눔 당첨자 및 마감 전달합니다,KIWOOM
그래도 키움은       이상 승률은 할듯하네요 ,KIWOOM
작년 순위 다툼 중 조상우 트레이드 가치    ,KIWOOM
키움팬인데 나쁘지 않은데요 ,KIWOOM
키움 조만간 안우진도 팔아먹을듯,KIWOOM
김혜성 무응찰로 크보 남으면 어케될까요 ,KIWOOM
근데 솔직히 계속 이러면 선수들은 팀 로열티가 생길까요 ,KIWOOM
솔직히 몇십만 달러 아끼자고 후라도 내보낸것도 황당했는데,KIWOOM
내년 스토브 주인공은 송성문일듯,KIWOOM
    홍주연 아나 인스타스토리    ,KIWOOM
근데 키움 팬분들 괜찮으세요  ,KIWOOM
샐캡 하한선은 꼭 만들어야겠네요 ,KIWOOM
조상우의 싸함은 스탯지만 약간 들여다봐도 알수있습니다,KIWOOM
키움 인스타           ,KIWOOM
조상우 틀드,KIWOOM
키움은  년간  라를  명 가져가네요,KIWOOM
조상우 트레이드는 윈윈이죠 다만,KIWOOM
대놓고 탱킹해서 리빌딩이면 이해라도 하지,KIWOOM
키움은 충분히 잘 판거 같은데요 ,KIWOOM
  시즌 이 라인업 이였으면 우승 할수도,KIWOOM
조상우 근데 개막시리즈부터 출전 못해요 ,KIWOOM
내년 시즌 키움에게 뒤쳐지는 팀이 있다면   ,KIWOOM
장필준 줍줍하고 조상우는 팔고  ,KIWOOM
팬들은 안중에도 없는 근본없는 팀,KIWOOM
최근  차   번 지명 선수들    ,KIWOOM
그래도 타팀들이 키움한테 잘 대우해 주는 느낌 ,KIWOOM
선수 파는거 하나도 안아까운데  ,KIWOOM
안우진도 팔진 않겠죠 ,KIWOOM
  억 또 이장석 주머니로 간건가,KIWOOM
    키움     년 달린다메요 ,KIWOOM
저 돈 보태서 송성문 연장계약하면,KIWOOM
키움은 크보 차원에서 막아야함,KIWOOM
근데 타팀팬들은 키움 있는게 좋지 않나요 ,KIWOOM
조상우 어깨상태는 어때요 ,KIWOOM
솔직히 히어로즈 팬들 불쌍하다,KIWOOM
홍원기 머리아프겠네요,KIWOOM
팬들 입장에서 유일하게 긍정적인 부분,KIWOOM
  인  년 렌탈권   위   위 신인 이네요 ,KIWOOM
  억 개열받는게 코로나도 아님,KIWOOM
아이러니한 게    억이 안끼어있었으면 덜 화나셨을 것 같은데,KIWOOM
만약 키움이 틀드로 보낼 수 있는 선수가,KIWOOM
팀 방향이 확실한 키움  키워서 판다 ,KIWOOM
완전 메이저리그 식 운영 아니에요   ,KIWOOM
송성문 팔면,KIWOOM
  인보다   픽이 낫다고 판단했나보네요,KIWOOM
  억이 리얼 열받게하는 포인트,KIWOOM
키움은 진짜 다 팔아버리네요,KIWOOM
조상우 팔고 문성현   로 잡기만 해봐라,KIWOOM
키움은  년연속 상위 지명권 트레이드,KIWOOM
진짜 개 병 신 팀이네,KIWOOM
키움에 남은 네임드급 선수 얼마 없네요,KIWOOM
이렇게되면 안우진한테 모든걸 배팅한듯한,KIWOOM
땡큐 이러고있네      ,KIWOOM
송성문은 국내에 파나요  해외에 파나요 ,KIWOOM
마킹 유니폼   장 있는데 이제 두명 남았어요    ,KIWOOM
솔직히 히어로즈 너무 심하다,KIWOOM
키움행보는 놀랍긴하네요,KIWOOM
키움 혼자 아마야구하게 생겼네,KIWOOM
키움은 돈이 진짜 없나요 ,KIWOOM
조상우는 잘판겁니다,KIWOOM
이건 주인이 바뀌지않는이상 매번 같겠네요,KIWOOM
기아가 트레이드 잘하네요 ,KIWOOM
트레이드 하는건 그러려니 하는데,KIWOOM
내년 시즌 끝나면 송성문 차례네요,KIWOOM
안우진도 팔까요 안팔까요 ,KIWOOM
저라면 조상우 선발씀,KIWOOM
조상우 시즌중에팔릴꺼라고생각헸는데,KIWOOM
                                                                    ,KIWOOM
빨리 팀 매각이나 됐으면,KIWOOM
키움 입장에서는 장사 잘한듯,KIWOOM
키움은 야구보다 돈이 우선인거같죠  ,KIWOOM
송성문도 트레이드 될 수도 있겠네요,KIWOOM
 년 사용권     인 보상선수      억     라    라    억,KIWOOM
  년  라면 내년 기아 성적에 따라 달라지나요 ,KIWOOM
뷰웅신같은 놈들,KIWOOM
킹콩성문도      팔겠죠 ,KIWOOM
팬들도 이런 운영 안 싫어하는거 같던데요,KIWOOM
조상우 구속 얼마나 나오나요,KIWOOM
 키움  두산 히어로즈의 결렬 된 트레이드 중 하나,KIWOOM
지명권 트레이드 생기니 키움이 장사 많이 하네요,KIWOOM
키움은 욕심부리다 대가 많이 못받았네요,KIWOOM
키움팬분들 힘내세요,KIWOOM
송성문 반대급부는 어떻게 되나요 ,KIWOOM
안우진 돌아오면 달린다가 아니라  ,KIWOOM
키움 근데 노땅들은 왜사는거지,KIWOOM
개 좆 같은 십할 색끼들,KIWOOM
송성문도 팔려나가겠네요   ,KIWOOM
기아는 장현식 유출 바로 회복하네   ,KIWOOM
조상우 이전에    중반 막뿌리던 그 폼은 아니지않나요 ,KIWOOM
저번에 말했지만 걍 키움팬은 싸울필요 없다니까요 ,KIWOOM
키움 주축선수     년 남기고 팔아버리는거 리그차원에서 제지해야합니다,KIWOOM
키움 하한선 이야기 나온지 몇일 됐다고,KIWOOM
진짜 키움팬들은 힘이 안날듯요,KIWOOM
